EntryID,Activity,Start,End,TimeSpent
1,R,7/3/2022 8:00,7/3/2022 8:47,0:47
2,R,7/4/2022 16:18,7/4/2022 18:26,2:08
3,R,7/4/2022 18:58,7/4/2022 19:58,1:00
4,R,7/5/2022 8:42,7/5/2022 9:25,0:41
5,R,7/5/2022 10:26,7/5/2022 10:48,0:22
6,R,7/5/2022 16:42,7/5/2022 17:38,0:56
7,R,7/5/2022 17:38,7/5/2022 18:07,0:29
8,R,7/6/2022 17:12,7/6/2022 19:18,2:01
9,R,7/7/2022 15:23,7/7/2022 16:22,0:59
10,R,7/7/2022 16:43,7/7/2022 17:18,0:35
11,R,7/7/2022 17:49,7/7/2022 19:07,1:17
12,R,7/8/2022 14:17,7/8/2022 15:11,0:27
13,R,7/9/2022 7:18,7/9/2022 14:29,3:26
14,R,7/9/2022 17:05,7/9/2022 17:55,0:50
15,R,7/9/2022 18:56,7/9/2022 19:09,0:13
16,R,7/10/2022 7:23,7/10/2022 10:01,2:17
17,R,7/10/2022 10:37,7/10/2022 12:08,1:31
18,R,7/10/2022 12:35,7/10/2022 12:43,0:08
19,R,7/10/2022 16:53,7/10/2022 17:31,0:38
20,R,7/11/2022 9:28,7/11/2022 10:12,0:41
21,R,7/11/2022 11:33,7/11/2022 14:12,1:02
22,R,7/11/2022 15:21,7/11/2022 17:15,1:54
23,R,7/12/2022 6:30,7/12/2022 9:50,1:42
24,R,7/12/2022 16:30,7/12/2022 17:38,0:52
25,R,7/12/2022 18:09,7/12/2022 19:09,1:00
26,R,7/13/2022 13:35,7/13/2022 17:48,2:34
27,R,7/13/2022 19:17,7/13/2022 20:14,0:57
28,R,7/14/2022 8:45,7/14/2022 11:11,1:56
29,R,7/14/2022 16:58,7/14/2022 18:21,1:07
30,R,7/15/2022 14:38,7/15/2022 17:35,1:52
31,R,7/15/2022 17:37,7/15/2022 17:44,0:07
32,R,7/16/2022 11:03,7/16/2022 12:15,1:12
33,R,7/16/2022 15:11,7/16/2022 15:40,0:29
34,R,7/16/2022 15:46,7/16/2022 16:41,0:55
35,R,7/16/2022 17:04,7/16/2022 17:42,0:38
36,R,7/17/2022 8:19,7/17/2022 10:41,2:22
37,R,7/17/2022 17:20,7/17/2022 17:58,0:38
38,R,7/18/2022 10:18,7/18/2022 11:14,0:56
39,R,7/18/2022 14:02,7/18/2022 14:20,0:18
40,R,7/18/2022 14:26,7/18/2022 15:07,0:41
41,R,7/18/2022 16:48,7/18/2022 16:59,0:11
42,R,7/18/2022 17:03,7/18/2022 17:51,0:48
43,R,7/18/2022 17:56,7/18/2022 18:00,0:04
44,R,7/18/2022 19:12,7/18/2022 19:41,0:29
45,R,7/19/2022 8:02,7/19/2022 8:17,0:15
46,R,7/19/2022 14:26,7/19/2022 15:08,0:42
47,R,7/19/2022 15:09,7/19/2022 15:18,0:09
48,R,7/19/2022 17:45,7/19/2022 17:49,0:04
49,R,7/19/2022 17:56,7/19/2022 18:21,0:25
50,R,7/20/2022 9:15,7/20/2022 10:17,1:02
51,R,7/20/2022 17:45,7/20/2022 18:31,0:46
52,R,7/20/2022 18:56,7/20/2022 19:14,0:18
53,R,7/21/2022 9:25,7/21/2022 9:42,0:17
54,R,7/21/2022 9:47,7/21/2022 10:21,0:34
55,R,7/21/2022 10:40,7/21/2022 11:16,0:36
56,R,7/21/2022 17:26,7/21/2022 18:23,0:57
57,R,7/22/2022 7:41,7/22/2022 8:20,0:39
58,R,7/22/2022 9:16,7/22/2022 9:53,0:37
59,R,7/22/2022 16:32,7/22/2022 18:25,1:53
60,R,7/23/2022 8:27,7/23/2022 10:21,1:54
61,R,7/24/2022 10:15,7/24/2022 10:46,0:31
62,R,7/28/2022 8:26,7/28/2022 10:18,1:52
63,R,7/28/2022 10:28,7/28/2022 10:54,0:26
64,R,7/28/2022 17:44,7/28/2022 17:46,0:02
65,R,7/28/2022 18:16,7/28/2022 18:27,0:11
66,R,7/30/2022 9:26,7/30/2022 10:10,0:44
67,R,7/30/2022 16:04,7/30/2022 16:17,0:13
68,R,7/31/2022 8:16,7/31/2022 8:44,0:28
69,R,7/31/2022 9:08,7/31/2022 9:27,0:19
70,R,7/31/2022 9:38,7/31/2022 10:35,0:57
71,R,7/31/2022 10:38,7/31/2022 11:00,0:22
72,R,7/31/2022 14:53,7/31/2022 15:13,0:20
73,R,7/31/2022 17:21,7/31/2022 18:09,0:48
74,R,8/1/2022 9:35,8/1/2022 9:42,0:07
75,R,8/1/2022 9:46,8/1/2022 10:45,0:59
76,R,8/1/2022 10:57,8/1/2022 11:43,0:46
77,R,8/1/2022 13:19,8/1/2022 13:48,0:29
78,R,8/1/2022 13:52,8/1/2022 14:38,0:46
79,R,8/2/2022 9:01,8/2/2022 9:39,0:38
80,R,8/2/2022 9:45,8/2/2022 10:09,0:24
81,R,8/2/2022 15:44,8/2/2022 17:19,1:35
82,R,8/3/2022 7:03,8/3/2022 8:14,1:11
83,R,8/3/2022 9:36,8/3/2022 10:12,0:36
84,R,8/3/2022 10:16,8/3/2022 10:30,0:14
85,R,8/3/2022 10:33,8/3/2022 10:56,0:23
86,R,8/3/2022 12:48,8/3/2022 13:47,0:59
87,R,8/4/2022 9:59,8/4/2022 11:08,1:09
88,R,8/14/2022 10:14,8/14/2022 12:23,2:09
89,R,8/14/2022 16:41,8/14/2022 18:12,1:31
90,R,8/15/2022 9:00,8/15/2022 9:21,0:21
91,R,8/15/2022 9:28,8/15/2022 9:46,0:18
92,R,8/15/2022 9:52,8/15/2022 10:16,0:24
93,R,8/15/2022 11:15,8/15/2022 14:49,3:34
94,R,8/15/2022 15:23,8/15/2022 17:26,2:03
95,R,8/16/2022 7:07,8/16/2022 8:27,1:20
96,R,8/16/2022 8:47,8/16/2022 10:21,1:34
97,R,8/16/2022 10:33,8/16/2022 11:47,1:14
98,R,8/16/2022 14:26,8/16/2022 15:47,1:21
99,R,8/17/2022 7:55,8/17/2022 8:26,0:31
100,R,8/17/2022 8:45,8/17/2022 10:20,1:35
101,R,8/17/2022 10:44,8/17/2022 11:47,1:03
102,R,8/17/2022 11:53,8/17/2022 12:24,0:31
103,R,8/17/2022 12:46,8/17/2022 13:35,0:49
104,R,8/17/2022 13:40,8/17/2022 14:07,0:27
105,R,8/17/2022 15:07,8/17/2022 15:43,0:36
106,R,8/17/2022 16:00,8/17/2022 16:15,0:15
107,R,8/17/2022 16:49,8/17/2022 18:10,1:21
108,R,8/18/2022 7:50,8/18/2022 8:14,0:24
109,R,8/18/2022 14:45,8/18/2022 15:36,0:51
110,R,8/18/2022 16:37,8/18/2022 17:48,1:11
111,R,8/19/2022 5:20,8/19/2022 8:16,2:56
112,R,8/19/2022 9:01,8/19/2022 9:15,0:14
113,R,8/19/2022 10:09,8/19/2022 10:50,0:41
114,R,8/19/2022 14:11,8/19/2022 14:57,0:46
115,R,8/19/2022 16:08,8/19/2022 18:03,1:55
116,R,8/19/2022 18:06,8/19/2022 19:00,0:54
117,R,8/20/2022 11:19,8/20/2022 12:10,0:51
118,R,8/20/2022 12:16,8/20/2022 13:12,0:56
119,R,8/20/2022 13:35,8/20/2022 14:34,0:59
120,R,8/20/2022 15:08,8/20/2022 15:38,0:30
121,R,8/21/2022 7:30,8/21/2022 11:09,3:39
122,R,8/21/2022 11:29,8/21/2022 12:31,1:02
123,R,8/21/2022 16:13,8/21/2022 17:03,0:50
124,R,8/21/2022 17:27,8/21/2022 19:05,1:38
125,R,8/22/2022 9:34,8/22/2022 10:59,1:25
126,R,8/22/2022 11:19,8/22/2022 11:51,0:32
127,R,8/22/2022 12:02,8/22/2022 12:49,0:47
128,R,8/22/2022 13:24,8/22/2022 14:40,1:16
129,R,8/22/2022 16:52,8/22/2022 20:00,3:08
130,R,8/23/2022 9:33,8/23/2022 9:51,0:18
131,R,8/23/2022 14:59,8/23/2022 16:37,1:38
132,R,8/23/2022 17:16,8/23/2022 17:54,0:38
133,R,8/23/2022 17:56,8/23/2022 18:25,0:29
134,R,8/24/2022 6:20,8/24/2022 7:50,1:30
135,R,8/24/2022 9:22,8/24/2022 11:01,1:39
136,R,8/24/2022 12:35,8/24/2022 14:11,1:36
137,R,8/24/2022 15:10,8/24/2022 15:58,0:48
138,R,8/24/2022 16:13,8/24/2022 17:05,0:52
139,R,8/24/2022 17:15,8/24/2022 18:21,1:06
140,R,8/25/2022 5:51,8/25/2022 7:49,1:58
141,R,8/25/2022 9:36,8/25/2022 10:55,1:19
142,R,8/25/2022 10:14,8/25/2022 10:50,0:36
143,R,8/25/2022 15:19,8/25/2022 16:58,1:39
144,R,8/25/2022 17:28,8/25/2022 18:18,0:50
145,R,8/26/2022 6:50,8/26/2022 8:23,1:33
146,R,8/26/2022 9:13,8/26/2022 11:15,2:02
147,R,8/26/2022 12:16,8/26/2022 13:30,1:14
148,R,8/27/2022 10:29,8/27/2022 12:13,1:44
149,R,8/27/2022 12:28,8/27/2022 18:57,6:29
150,R,8/28/2022 12:17,8/28/2022 13:27,1:10
151,R,8/29/2022 9:55,8/29/2022 12:05,2:10
152,R,8/29/2022 12:09,8/29/2022 13:00,0:51
153,R,8/29/2022 13:27,8/29/2022 14:21,0:54
154,R,8/29/2022 14:31,8/29/2022 15:23,0:52
155,Statistics,8/29/2022 15:26,8/29/2022 15:45,0:19
156,Statistics_DDS,8/29/2022 17:41,8/29/2022 18:31,0:50
157,Statistics_DDS,8/30/2022 6:33,8/30/2022 8:14,1:41
158,Statistics_DDS,8/30/2022 8:24,8/30/2022 8:41,0:17
159,Statistics_DDS,8/30/2022 8:50,8/30/2022 10:25,1:35
160,Statistics_DDS,8/30/2022 10:48,8/30/2022 11:46,0:58
161,Statistics_DDS,8/31/2022 6:24,8/31/2022 8:13,1:49
162,Statistics_DDS,8/31/2022 8:57,8/31/2022 9:55,0:58
163,Statistics_DDS,8/31/2022 10:03,8/31/2022 10:33,0:30
164,Statistics_DDS,8/31/2022 11:20,8/31/2022 13:36,2:16
165,Statistics_DDS,9/1/2022 5:58,9/1/2022 8:24,2:26
166,Statistics_DDS,9/1/2022 9:19,9/1/2022 11:15,1:56
167,Statistics_DDS,9/1/2022 12:46,9/1/2022 14:14,1:28
168,Statistics_DDS,9/1/2022 15:49,9/1/2022 17:07,1:18
169,Statistics_DDS,9/1/2022 17:31,9/1/2022 19:14,1:43
170,Statistics_DDS,9/2/2022 6:29,9/2/2022 8:01,1:32
171,Statistics_DDS,9/2/2022 9:18,9/2/2022 11:21,2:03
172,Statistics_DDS,9/2/2022 11:40,9/2/2022 12:29,0:49
173,Statistics_DDS,9/2/2022 13:50,9/2/2022 15:14,1:24
174,Statistics_DDS,9/3/2022 6:58,9/3/2022 9:26,2:28
175,Statistics_DDS,9/3/2022 9:30,9/3/2022 10:22,0:52
176,Statistics_DDS,9/3/2022 10:34,9/3/2022 11:29,0:55
177,Statistics_DDS,9/3/2022 11:39,9/3/2022 12:32,0:53
178,Statistics_DDS,9/3/2022 16:11,9/3/2022 17:05,0:54
179,Statistics_DDS,9/4/2022 7:20,9/4/2022 10:30,3:10
180,Statistics_DDS,9/5/2022 9:48,9/5/2022 10:44,0:56
181,Statistics_DDS,9/5/2022 10:51,9/5/2022 11:20,0:29
182,Statistics_DDS,9/5/2022 11:32,9/5/2022 12:10,0:38
183,Statistics_DDS,9/5/2022 13:37,9/5/2022 13:40,0:03
184,Statistics_DDS,9/5/2022 14:24,9/5/2022 15:19,0:55
185,Statistics_DDS,9/5/2022 15:25,9/5/2022 15:46,0:21
186,Statistics_DDS,9/5/2022 16:27,9/5/2022 17:25,0:58
187,Statistics_DDS,9/5/2022 17:38,9/5/2022 18:45,1:07
188,Statistics_DDS,9/5/2022 18:50,9/5/2022 19:32,0:42
189,Statistics_DDS,9/6/2022 5:40,9/6/2022 7:00,1:20
190,Statistics_DDS,9/6/2022 7:32,9/6/2022 7:59,0:27
191,Statistics_DDS,9/6/2022 8:43,9/6/2022 9:30,0:47
192,Statistics_DDS,9/6/2022 18:38,9/6/2022 19:15,0:37
193,Statistics_DDS,9/7/2022 6:15,9/7/2022 9:46,3:31
194,Statistics_DDS,9/7/2022 11:28,9/7/2022 13:37,2:09
195,Statistics_DDS,9/7/2022 17:40,9/7/2022 19:25,1:45
196,Statistics_DDS,9/8/2022 5:22,9/8/2022 5:47,0:25
197,Statistics_DDS,9/8/2022 6:14,9/8/2022 8:12,1:58
198,Statistics_DDS,9/8/2022 8:57,9/8/2022 9:54,0:57
199,Statistics_DDS,9/8/2022 10:20,9/8/2022 11:44,1:24
200,Statistics_DDS,9/8/2022 17:14,9/8/2022 18:12,0:58
201,Statistics_DDS,9/9/2022 6:47,9/9/2022 9:45,2:58
202,Statistics_DDS,9/9/2022 13:58,9/9/2022 15:55,1:57
203,Statistics_DDS,9/9/2022 19:15,9/9/2022 19:55,0:40
204,Statistics_DDS,9/9/2022 22:00,9/9/2022 22:26,0:26
205,Statistics_DDS,9/10/2022 7:27,9/10/2022 7:55,0:28
206,Statistics_DDS,9/10/2022 12:39,9/10/2022 16:15,3:36
207,Statistics_DDS,9/11/2022 6:42,9/11/2022 12:03,5:21
208,Statistics_DDS,9/11/2022 16:39,9/11/2022 17:49,1:10
209,Statistics_DDS,9/12/2022 4:49,9/12/2022 4:50,0:01
210,Statistics_DDS,9/12/2022 4:57,9/12/2022 7:04,2:07
211,Statistics_DDS,9/12/2022 10:18,9/12/2022 10:34,0:16
212,Statistics_DDS,9/12/2022 11:05,9/12/2022 13:33,2:28
213,Statistics_DDS,9/12/2022 17:27,9/12/2022 19:33,2:06
214,Statistics_DDS,9/13/2022 6:50,9/13/2022 8:27,1:37
215,Statistics_DDS,9/13/2022 8:39,9/13/2022 9:05,0:26
216,Statistics_DDS,9/13/2022 15:37,9/13/2022 17:09,1:32
217,Statistics_DDS,9/13/2022 17:15,9/13/2022 18:15,1:00
218,Statistics_DDS,9/14/2022 6:41,9/14/2022 9:07,2:26
219,Statistics_DDS,9/14/2022 12:34,9/14/2022 13:30,0:56
220,Statistics_DDS,9/14/2022 13:38,9/14/2022 14:38,1:00
221,Statistics_DDS,9/15/2022 6:54,9/15/2022 8:48,1:54
222,Statistics_DDS,9/15/2022 9:13,9/15/2022 11:11,1:58
223,Statistics_DDS,9/15/2022 14:21,9/15/2022 15:23,1:02
224,Statistics_DDS,9/15/2022 16:33,9/15/2022 17:15,0:42
225,Statistics_DDS,9/15/2022 17:37,9/15/2022 18:14,0:37
226,Statistics_DDS,9/16/2022 7:03,9/16/2022 9:49,2:46
227,Statistics_DDS,9/16/2022 14:46,9/16/2022 15:14,0:28
228,Statistics_DDS,9/16/2022 15:31,9/16/2022 15:43,0:12
229,Statistics_DDS,9/16/2022 17:35,9/16/2022 18:10,0:35
230,Statistics_DDS,9/17/2022 12:48,9/17/2022 14:35,1:47
231,Statistics_DDS,9/17/2022 16:38,9/17/2022 17:48,1:10
232,Statistics_DDS,9/18/2022 7:24,9/18/2022 11:46,4:22
233,Statistics_DDS,9/18/2022 16:20,9/18/2022 17:01,0:41
234,Statistics_DDS,9/18/2022 17:15,9/18/2022 17:40,0:25
235,Statistics_DDS,9/18/2022 18:40,9/18/2022 19:01,0:21
236,Statistics_DDS,9/19/2022 6:27,9/19/2022 7:05,0:38
237,Statistics_DDS,9/19/2022 9:57,9/19/2022 11:47,1:50
238,Statistics_DDS,9/19/2022 11:51,9/19/2022 12:30,0:39
239,Statistics_DDS,9/19/2022 14:00,9/19/2022 15:57,1:57
240,Statistics_DDS,9/20/2022 6:47,9/20/2022 8:37,1:50
241,Statistics_DDS,9/20/2022 8:56,9/20/2022 9:16,0:20
242,Statistics_DDS,9/20/2022 14:34,9/20/2022 15:25,0:51
243,Statistics_DDS,9/21/2022 8:12,9/21/2022 8:21,0:09
244,Statistics_DDS,9/21/2022 8:30,9/21/2022 12:41,4:11
245,Statistics_DDS,9/21/2022 14:52,9/21/2022 15:45,0:53
246,Statistics_DDS,9/22/2022 6:49,9/22/2022 8:50,2:01
247,Statistics_DDS,9/22/2022 9:13,9/22/2022 11:20,2:07
248,Statistics_DDS,9/22/2022 11:23,9/22/2022 11:58,0:35
249,Statistics_DDS,9/22/2022 14:58,9/22/2022 17:48,2:50
250,Statistics_DDS,9/22/2022 17:49,9/22/2022 18:37,0:48
251,Statistics_DDS,9/23/2022 6:46,9/23/2022 9:09,2:23
252,Statistics_DDS,9/23/2022 15:01,9/23/2022 15:51,0:50
253,Statistics_DDS,9/24/2022 11:30,9/24/2022 17:11,5:41
254,Statistics_DDS,9/24/2022 17:19,9/24/2022 21:08,3:49
255,Statistics_DDS,9/24/2022 21:09,9/24/2022 21:28,0:19
256,Statistics_DDS,9/25/2022 7:05,9/25/2022 9:15,2:10
257,Statistics_DDS,9/25/2022 9:27,9/25/2022 9:56,0:29
258,Statistics_DDS,9/25/2022 10:05,9/25/2022 11:58,1:53
259,Statistics_DDS,9/25/2022 16:08,9/25/2022 16:49,0:41
260,Statistics_DDS,9/25/2022 18:57,9/25/2022 19:10,0:13
261,Statistics_DDS,9/25/2022 19:38,9/25/2022 20:07,0:29
262,Statistics_DDS,9/26/2022 5:22,9/26/2022 7:00,1:38
263,Statistics_DDS,9/26/2022 7:10,9/26/2022 9:06,1:56
264,Statistics_DDS,9/26/2022 9:09,9/26/2022 10:35,1:26
265,Statistics_DDS,9/26/2022 10:59,9/26/2022 11:40,0:41
266,Statistics_DDS,9/26/2022 13:49,9/26/2022 13:53,0:04
267,Statistics_DDS,9/26/2022 14:07,9/26/2022 14:56,0:49
268,Statistics_DDS,9/26/2022 14:38,9/26/2022 14:38,0:00
269,Statistics_DDS,9/26/2022 17:18,9/26/2022 17:26,0:08
270,Statistics_DDS,9/26/2022 17:34,9/26/2022 18:13,0:39
271,Statistics_DDS,9/27/2022 5:14,9/27/2022 5:34,0:20
272,Statistics_DDS,9/27/2022 5:42,9/27/2022 9:38,3:56
273,Statistics_DDS,9/27/2022 14:03,9/27/2022 15:51,1:48
274,Statistics_DDS,9/28/2022 5:43,9/28/2022 7:20,1:37
275,Statistics_DDS,9/28/2022 7:47,9/28/2022 8:01,0:14
276,Statistics_DDS,9/28/2022 8:25,9/28/2022 8:44,0:19
277,Statistics_DDS,9/28/2022 9:01,9/28/2022 11:40,2:39
278,Statistics_DDS,9/28/2022 14:32,9/28/2022 15:46,1:14
279,Statistics_DDS,9/28/2022 17:41,9/28/2022 18:28,0:47
280,Statistics_DDS,9/29/2022 7:51,9/29/2022 10:13,2:22
281,Statistics_DDS,9/29/2022 10:31,9/29/2022 11:11,0:40
282,Statistics_DDS,9/29/2022 11:59,9/29/2022 13:33,1:34
283,Statistics_DDS,9/29/2022 14:14,9/29/2022 15:22,1:08
284,Statistics_DDS,9/29/2022 16:00,9/29/2022 16:19,0:19
285,Statistics_DDS,9/29/2022 17:02,9/29/2022 18:20,1:18
286,Statistics_DDS,9/30/2022 5:37,9/30/2022 7:01,1:24
287,Statistics_DDS,9/30/2022 7:08,9/30/2022 8:01,0:53
288,Statistics_DDS,9/30/2022 12:51,9/30/2022 14:05,1:14
289,Statistics_DDS,9/30/2022 17:40,9/30/2022 19:46,2:06
290,Statistics_DDS,10/1/2022 12:09,10/1/2022 15:14,3:05
291,Statistics_DDS,10/1/2022 16:02,10/1/2022 18:04,2:02
292,Statistics_DDS,10/2/2022 7:16,10/2/2022 9:56,2:40
293,Statistics_DDS,10/2/2022 13:33,10/2/2022 18:31,4:58
294,Statistics_DDS,10/3/2022 6:17,10/3/2022 7:32,1:15
295,Statistics_DDS,10/3/2022 9:30,10/3/2022 12:27,2:57
296,Statistics_DDS,10/3/2022 12:35,10/3/2022 13:30,0:55
297,Statistics_DDS,10/3/2022 14:00,10/3/2022 14:33,0:33
298,Statistics_DDS,10/3/2022 14:40,10/3/2022 15:38,0:58
299,Statistics_DDS,10/4/2022 7:11,10/4/2022 9:30,2:19
300,Statistics_DDS,10/4/2022 15:07,10/4/2022 16:03,0:56
301,Statistics_DDS,10/5/2022 6:04,10/5/2022 7:19,1:15
302,Statistics_DDS,10/5/2022 7:22,10/5/2022 9:13,1:51
303,Statistics_DDS,10/5/2022 9:49,10/5/2022 11:57,2:08
304,Statistics_DDS,10/5/2022 13:11,10/5/2022 13:57,0:46
305,Statistics_DDS,10/5/2022 14:00,10/5/2022 14:04,0:04
306,Statistics_DDS,10/6/2022 6:54,10/6/2022 9:18,2:24
307,Statistics_DDS,10/6/2022 15:17,10/6/2022 18:48,3:31
308,Statistics_DDS,10/7/2022 6:20,10/7/2022 7:05,0:45
309,Statistics_DDS,10/7/2022 7:44,10/7/2022 10:45,3:01
310,Statistics_DDS,10/7/2022 11:00,10/7/2022 12:26,1:26
311,Statistics_DDS,10/7/2022 12:47,10/7/2022 14:21,1:34
312,Statistics_DDS,10/7/2022 20:27,10/7/2022 22:34,2:07
313,Statistics_DDS,10/7/2022 22:44,10/7/2022 22:59,0:15
314,Statistics_DDS,10/8/2022 8:00,10/8/2022 9:13,1:13
315,Statistics_DDS,10/8/2022 12:03,10/8/2022 15:46,3:43
316,Statistics_DDS,10/8/2022 16:06,10/8/2022 19:21,3:15
317,Statistics_DDS,10/8/2022 19:38,10/8/2022 21:35,1:57
318,Statistics_DDS,10/9/2022 7:36,10/9/2022 9:22,1:46
319,Statistics_DDS,10/9/2022 10:02,10/9/2022 11:58,1:56
320,Statistics_DDS,10/10/2022 8:03,10/10/2022 8:29,0:26
321,Statistics_DDS,10/11/2022 9:41,10/11/2022 10:29,0:48
322,Statistics_DDS,10/11/2022 17:01,10/11/2022 18:41,1:40
323,Statistics_DDS,10/12/2022 8:46,10/12/2022 9:18,0:32
324,Statistics_DDS,10/12/2022 10:54,10/12/2022 12:39,1:45
325,Statistics_DDS,10/12/2022 13:31,10/12/2022 13:57,0:26
326,Statistics_DDS,10/12/2022 14:03,10/12/2022 14:54,0:51
327,Statistics_DDS,10/13/2022 15:11,10/13/2022 17:02,1:51
328,Statistics_DDS,10/14/2022 7:14,10/14/2022 8:26,1:12
329,Statistics_DDS,10/14/2022 8:34,10/14/2022 9:30,0:56
330,Statistics_DDS,10/14/2022 19:00,10/14/2022 20:00,1:00
331,Statistics_DDS,10/15/2022 11:16,10/15/2022 18:30,7:14
332,Statistics_DDS,10/16/2022 7:50,10/16/2022 9:16,1:26
333,Statistics_DDS,10/16/2022 9:21,10/16/2022 10:21,1:00
334,Statistics_DDS,10/17/2022 9:38,10/17/2022 12:52,3:14
335,Statistics_DDS,10/17/2022 13:20,10/17/2022 15:04,1:44
336,Statistics_DDS,10/18/2022 7:03,10/18/2022 10:13,3:10
337,Statistics_DDS,10/18/2022 16:03,10/18/2022 16:24,0:21
338,Statistics_DDS,10/18/2022 18:26,10/18/2022 20:20,1:54
339,Statistics_DDS,10/19/2022 8:13,10/19/2022 10:48,2:35
340,Statistics_DDS,10/19/2022 11:20,10/19/2022 15:59,4:39
341,Statistics_DDS,10/19/2022 16:18,10/19/2022 16:47,0:29
342,Statistics_DDS,10/20/2022 8:00,10/20/2022 11:27,3:27
343,Statistics_DDS,10/20/2022 8:59,10/20/2022 8:59,0:00
344,Statistics_DDS,10/20/2022 11:39,10/20/2022 12:12,0:33
345,Statistics_DDS,10/20/2022 17:42,10/20/2022 20:41,2:59
346,Statistics_DDS,10/21/2022 6:16,10/21/2022 9:51,3:35
347,Statistics_DDS,10/21/2022 10:24,10/21/2022 10:26,0:02
348,Statistics_DDS,10/21/2022 10:29,10/21/2022 10:33,0:04
349,Statistics_DDS,10/21/2022 14:30,10/21/2022 15:45,1:15
350,Statistics_DDS,10/21/2022 19:10,10/21/2022 19:21,0:11
351,Statistics_DDS,10/21/2022 19:37,10/21/2022 21:32,1:55
352,Statistics_DDS,10/22/2022 11:27,10/22/2022 19:16,7:49
353,Statistics_DDS,10/22/2022 19:23,10/22/2022 19:33,0:10
354,Statistics_DDS,10/23/2022 7:04,10/23/2022 9:47,2:43
355,Statistics_DDS,10/23/2022 14:08,10/23/2022 18:53,4:45
356,Statistics_DDS,10/24/2022 6:27,10/24/2022 7:22,0:55
357,Statistics_DDS,10/24/2022 9:40,10/24/2022 10:27,0:47
358,Statistics_DDS,10/24/2022 10:45,10/24/2022 12:30,1:45
359,Statistics_DDS,10/24/2022 12:46,10/24/2022 14:01,1:15
360,Statistics_DDS,10/24/2022 14:00,10/24/2022 14:35,0:35
361,Statistics_DDS,10/25/2022 7:43,10/25/2022 9:23,1:40
362,Statistics_DDS,10/25/2022 15:23,10/25/2022 16:14,0:51
363,Statistics_DDS,10/26/2022 7:08,10/26/2022 10:13,3:05
364,Statistics_DDS,10/26/2022 11:00,10/26/2022 13:52,2:52
365,Statistics_DDS,10/27/2022 9:34,10/27/2022 14:38,5:04
366,Statistics_DDS,10/27/2022 15:47,10/27/2022 17:29,1:42
367,Statistics_DDS,10/27/2022 17:59,10/27/2022 18:30,0:31
368,Statistics_DDS,10/28/2022 13:38,10/28/2022 15:01,1:23
369,Statistics_DDS,10/28/2022 17:11,10/28/2022 19:09,1:58
370,Statistics_DDS,10/28/2022 19:36,10/28/2022 21:36,2:00
371,Statistics_DDS,10/29/2022 11:45,10/29/2022 16:58,5:13
372,Statistics_DDS,10/30/2022 8:19,10/30/2022 9:45,1:26
373,Statistics_DDS,10/30/2022 14:41,10/30/2022 15:30,0:49
374,Statistics_DDS,10/30/2022 17:10,10/30/2022 18:57,1:47
375,Statistics_DDS,10/31/2022 7:51,10/31/2022 12:57,5:06
376,Statistics_DDS,10/31/2022 13:51,10/31/2022 15:54,2:03
377,Statistics_DDS,10/31/2022 17:07,10/31/2022 19:24,2:17
378,Statistics_DDS,11/1/2022 7:08,11/1/2022 8:35,1:27
379,Statistics_DDS,11/1/2022 15:02,11/1/2022 19:32,4:30
380,Statistics_DDS,11/2/2022 9:56,11/2/2022 12:09,2:13
381,Statistics_DDS,11/2/2022 14:04,11/2/2022 15:03,0:59
382,Statistics_DDS,11/3/2022 5:15,11/3/2022 7:31,2:16
383,Statistics_DDS,11/3/2022 7:53,11/3/2022 9:10,1:17
384,Statistics_DDS,11/3/2022 10:05,11/3/2022 13:00,2:55
385,Statistics_DDS,11/3/2022 14:51,11/3/2022 16:17,1:26
386,Statistics_DDS,11/6/2022 9:55,11/6/2022 10:28,0:33
387,Statistics_DDS,11/6/2022 16:59,11/6/2022 19:18,2:19
388,Statistics_DDS,11/7/2022 10:41,11/7/2022 15:09,4:28
389,Statistics_DDS,11/7/2022 15:26,11/7/2022 15:37,0:11
390,Statistics_DDS,11/8/2022 6:58,11/8/2022 9:34,2:36
391,Statistics_DDS,11/9/2022 6:28,11/9/2022 8:46,2:18
392,Statistics_DDS,11/9/2022 8:54,11/9/2022 10:24,1:30
393,Statistics_DDS,11/9/2022 10:35,11/9/2022 10:55,0:20
394,Statistics_DDS,11/9/2022 11:15,11/9/2022 11:53,0:38
395,Statistics_DDS,11/9/2022 12:15,11/9/2022 14:00,1:45
396,Statistics_DDS,11/9/2022 14:39,11/9/2022 15:41,1:02
397,Statistics_DDS,11/10/2022 6:55,11/10/2022 10:12,3:17
398,Statistics_DDS,11/10/2022 10:49,11/10/2022 12:08,1:19
399,Statistics_DDS,11/10/2022 17:59,11/10/2022 18:12,0:13
400,Statistics_DDS,11/11/2022 6:48,11/11/2022 9:45,2:57
401,Statistics_DDS,11/12/2022 9:17,11/12/2022 13:13,3:56
402,Statistics_DDS,11/12/2022 13:39,11/12/2022 17:30,3:51
403,Statistics_DDS,11/13/2022 6:32,11/13/2022 7:45,1:13
404,Statistics_DDS,11/13/2022 8:01,11/13/2022 8:31,0:30
405,Statistics_DDS,11/13/2022 11:46,11/13/2022 12:57,1:11
406,Statistics_DDS,11/13/2022 20:21,11/13/2022 20:45,0:24
407,Statistics_DDS,11/13/2022 21:27,11/14/2022 0:12,2:45
408,Statistics_DDS,11/14/2022 10:48,11/14/2022 12:31,1:43
409,Statistics_DDS,11/14/2022 12:30,11/14/2022 13:38,1:08
410,Statistics_DDS,11/14/2022 17:10,11/14/2022 19:11,2:01
411,Statistics_DDS,11/15/2022 7:03,11/15/2022 9:06,2:03
412,Statistics_DDS,11/15/2022 15:09,11/15/2022 16:25,1:16
413,Statistics_DDS,11/16/2022 5:58,11/16/2022 10:48,4:50
414,Statistics_DDS,11/16/2022 11:43,11/16/2022 13:33,1:50
415,Statistics_DDS,11/17/2022 8:54,11/17/2022 10:05,1:11
416,Statistics_DDS,11/17/2022 10:20,11/17/2022 12:42,2:22
417,Statistics_DDS,11/17/2022 14:36,11/17/2022 19:38,5:02
418,Statistics_DDS,11/18/2022 6:47,11/18/2022 10:14,3:27
419,Statistics_DDS,11/18/2022 15:09,11/18/2022 15:44,0:35
420,Statistics_DDS,11/19/2022 7:35,11/19/2022 9:00,1:25
421,Statistics_DDS,11/19/2022 14:55,11/19/2022 17:55,3:00
422,Statistics_DDS,11/20/2022 8:00,11/20/2022 12:19,4:19
423,Statistics_DDS,11/21/2022 10:37,11/21/2022 16:26,5:49
424,Statistics_DDS,11/21/2022 19:02,11/21/2022 19:40,0:38
425,Statistics_DDS,11/22/2022 7:31,11/22/2022 9:57,2:26
426,Statistics_DDS,11/22/2022 15:20,11/22/2022 17:17,1:57
427,Statistics_DDS,11/22/2022 17:48,11/22/2022 19:57,2:09
428,Statistics_DDS,11/23/2022 7:12,11/23/2022 12:27,5:15
429,Statistics_DDS,11/23/2022 16:46,11/23/2022 18:00,1:14
430,Statistics_DDS,11/24/2022 8:59,11/24/2022 10:03,1:04
431,Statistics_DDS,11/24/2022 19:41,11/24/2022 22:30,2:49
432,Statistics_DDS,11/25/2022 17:36,11/25/2022 21:17,3:41
433,Statistics_DDS,11/26/2022 13:24,11/26/2022 18:21,4:57
434,Statistics_DDS,11/27/2022 8:07,11/27/2022 10:55,2:48
435,Statistics_DDS,11/27/2022 15:56,11/27/2022 18:18,2:22
436,Statistics_DDS,11/28/2022 6:10,11/28/2022 7:17,1:07
437,Statistics_DDS,11/28/2022 9:22,11/28/2022 13:04,3:42
438,Statistics_DDS,11/28/2022 14:29,11/28/2022 15:00,0:31
439,Statistics_DDS,11/29/2022 5:28,11/29/2022 9:43,4:15
440,Statistics_DDS,11/29/2022 15:17,11/29/2022 16:25,1:08
441,Statistics_DDS,11/30/2022 6:14,11/30/2022 14:08,7:54
442,Statistics_DDS,11/30/2022 16:56,11/30/2022 20:13,3:17
443,Statistics_DDS,11/30/2022 21:28,11/30/2022 22:52,1:24
444,Statistics_DDS,12/1/2022 6:45,12/1/2022 11:09,4:24
445,Statistics_DDS,12/1/2022 14:18,12/1/2022 15:52,1:34
446,Statistics_DDS,12/1/2022 20:00,12/1/2022 23:05,3:05
447,Statistics_DDS,12/2/2022 6:27,12/2/2022 9:40,3:13
448,Statistics_DDS,12/2/2022 13:18,12/2/2022 15:14,1:56
449,Statistics_DDS,12/2/2022 18:51,12/2/2022 19:19,0:28
450,Statistics_DDS,12/2/2022 20:19,12/2/2022 23:34,3:15
451,Statistics_DDS,12/3/2022 8:02,12/3/2022 9:50,1:48
452,Statistics_DDS,12/3/2022 12:23,12/3/2022 18:13,5:50
453,Statistics_DDS,12/3/2022 19:28,12/3/2022 22:58,3:30
454,Statistics_DDS,12/4/2022 7:02,12/4/2022 12:28,5:26
455,Statistics_DDS,12/4/2022 15:57,12/4/2022 18:07,2:10
456,Statistics_DDS,12/5/2022 6:10,12/5/2022 7:51,1:41
457,Statistics_DDS,12/5/2022 9:17,12/5/2022 14:04,4:47
458,Statistics_DDS,12/6/2022 5:38,12/6/2022 11:35,5:57
459,Statistics_DDS,12/6/2022 14:35,12/6/2022 16:47,2:12
460,Statistics_DDS,12/6/2022 17:15,12/6/2022 19:04,1:49
461,Statistics_DDS,12/7/2022 6:24,12/7/2022 10:31,4:07
462,Statistics_DDS,12/7/2022 11:07,12/7/2022 12:29,1:22
463,Statistics_DDS,12/7/2022 12:49,12/7/2022 14:34,1:45
464,Statistics_DDS,12/7/2022 19:05,12/7/2022 20:05,1:00
465,Statistics_DDS,12/8/2022 7:01,12/8/2022 11:54,4:53
466,Statistics_DDS,12/8/2022 14:28,12/8/2022 15:05,0:37
467,Statistics_DDS,12/8/2022 16:06,12/8/2022 18:42,2:36
468,Statistics_DDS,12/8/2022 20:24,12/8/2022 21:29,1:05
469,Statistics_DDS,12/9/2022 5:20,12/9/2022 11:21,6:01
470,Statistics_DDS,12/9/2022 12:29,12/9/2022 14:56,2:27
471,Statistics_DDS,12/10/2022 11:00,12/10/2022 16:46,5:46
472,Statistics_DDS,12/10/2022 17:00,12/10/2022 17:27,0:27
473,Statistics_DDS,12/10/2022 17:32,12/10/2022 19:24,1:52
474,Statistics_DDS,12/10/2022 21:26,12/10/2022 22:31,1:05
475,Statistics_DDS,12/11/2022 6:52,12/11/2022 11:38,4:46
476,Statistics_DDS,12/11/2022 13:47,12/11/2022 13:56,0:09
477,Statistics_DDS,12/11/2022 17:03,12/11/2022 20:04,3:01
478,SQL,12/12/2022 7:53,12/12/2022 8:03,0:10
479,SQL,12/12/2022 8:14,12/12/2022 8:31,0:17
480,SQL,12/12/2022 9:42,12/12/2022 10:35,0:53
481,SQL,12/12/2022 11:18,12/12/2022 12:12,0:54
482,Databricks,12/12/2022 13:49,12/12/2022 15:02,1:13
483,Databricks,12/12/2022 15:21,12/12/2022 15:39,0:18
484,Databricks,12/12/2022 18:46,12/12/2022 19:30,0:44
485,DataBricks,12/13/2022 7:35,12/13/2022 8:05,0:30
486,SQL,12/13/2022 8:14,12/13/2022 9:08,0:54
487,SQL,12/13/2022 9:21,12/13/2022 9:26,0:05
488,Stats,12/13/2022 10:10,12/13/2022 10:47,0:37
489,Stats,12/13/2022 12:46,12/13/2022 12:58,0:12
490,SQL,12/13/2022 15:01,12/13/2022 16:11,1:10
491,SQL,12/13/2022 17:38,12/13/2022 18:53,1:15
492,SQL,12/14/2022 8:09,12/14/2022 10:21,2:12
493,SQL,12/14/2022 11:21,12/14/2022 12:53,1:32
494,SQL,12/15/2022 6:47,12/15/2022 9:33,2:46
495,SQL,12/15/2022 10:11,12/15/2022 10:55,0:44
496,SQL,12/15/2022 11:30,12/15/2022 11:44,0:14
497,SQL,12/15/2022 15:01,12/15/2022 15:33,0:32
498,SQL,12/15/2022 15:34,12/15/2022 16:31,0:57
499,SQL,12/15/2022 18:30,12/15/2022 20:30,2:00
500,SQL,12/16/2022 6:00,12/16/2022 9:40,3:40
501,SQL,12/17/2022 8:45,12/17/2022 10:20,1:35
502,SQL,12/17/2022 10:48,12/17/2022 11:40,0:52
503,SQL,12/17/2022 14:13,12/17/2022 16:13,2:00
504,SQL,12/18/2022 7:35,12/18/2022 9:06,1:31
505,SQL,12/18/2022 10:43,12/18/2022 10:49,0:06
506,SQL,12/18/2022 10:57,12/18/2022 11:45,0:48
507,SQL,12/19/2022 8:53,12/19/2022 9:37,0:44
508,SQL,12/19/2022 10:11,12/19/2022 11:25,1:14
509,SQL,12/19/2022 13:24,12/19/2022 13:46,0:22
510,SQL,12/20/2022 8:03,12/20/2022 8:27,0:24
511,SQL,12/20/2022 8:48,12/20/2022 9:52,1:04
512,SQL,12/20/2022 14:07,12/20/2022 15:32,1:25
513,SQL,12/21/2022 10:47,12/21/2022 11:44,0:57
514,SQL,12/22/2022 10:12,12/22/2022 10:38,0:26
515,SQL,12/22/2022 10:52,12/22/2022 14:56,4:04
516,SQL,12/24/2022 13:07,12/24/2022 13:33,0:26
517,SQL,12/28/2022 6:34,12/28/2022 9:01,2:27
518,SQL,12/29/2022 7:48,12/29/2022 9:39,1:51
519,SQL,12/29/2022 13:14,12/29/2022 15:09,1:55
520,Statistics,1/1/2023 10:35,1/1/2023 11:04,0:29
521,Statistics,1/1/2023 15:43,1/1/2023 16:21,0:38
522,Statistics,1/1/2023 18:08,1/1/2023 18:59,0:51
523,Statistics,1/2/2023 6:55,1/2/2023 8:12,1:17
524,Statistics,1/2/2023 8:36,1/2/2023 9:18,0:42
525,Statistics,1/2/2023 9:42,1/2/2023 10:08,0:26
526,Statistics,1/3/2023 10:14,1/3/2023 10:45,0:31
527,Statistics,1/3/2023 15:49,1/3/2023 16:01,0:12
528,Statistics,1/4/2023 8:12,1/4/2023 13:06,4:54
529,Statistics,1/4/2023 15:11,1/4/2023 15:59,0:48
530,Statistics,1/5/2023 7:10,1/5/2023 8:46,1:36
531,Statistics,1/5/2023 12:17,1/5/2023 12:53,0:36
532,Statistics,1/6/2023 16:13,1/6/2023 19:33,3:20
533,Statistics,1/7/2023 14:03,1/7/2023 16:22,2:19
534,Statistics,1/8/2023 7:52,1/8/2023 8:46,0:54
535,Statistics,1/8/2023 9:53,1/8/2023 11:36,1:43
536,Statistics,1/8/2023 19:40,1/8/2023 20:18,0:38
537,Statistics,1/9/2023 10:19,1/9/2023 11:14,0:55
538,Statistics,1/9/2023 11:28,1/9/2023 12:35,1:07
539,Statistics,1/9/2023 12:49,1/9/2023 12:52,0:03
540,Statistics,1/9/2023 13:01,1/9/2023 14:09,1:08
541,Statistics,1/9/2023 15:21,1/9/2023 15:41,0:20
542,Statistics,1/10/2023 8:39,1/10/2023 8:48,0:09
543,Statistics,1/10/2023 8:49,1/10/2023 9:43,0:54
544,Statistics,1/10/2023 15:40,1/10/2023 16:42,1:02
545,Statistics,1/10/2023 18:02,1/10/2023 19:21,1:19
546,Statistics,1/11/2023 7:18,1/11/2023 9:51,2:33
547,Statistics,1/11/2023 11:06,1/11/2023 11:53,0:47
548,Statistics,1/11/2023 13:34,1/11/2023 14:13,0:39
549,Statistics,1/11/2023 15:29,1/11/2023 15:41,0:12
550,Statistics,1/12/2023 8:01,1/12/2023 9:06,1:05
551,Statistics,1/12/2023 9:23,1/12/2023 9:59,0:36
552,Statistics,1/12/2023 15:44,1/12/2023 16:19,0:35
553,Statistics,1/12/2023 16:52,1/12/2023 17:19,0:27
554,Statistics,1/12/2023 17:26,1/12/2023 17:57,0:31
555,Statistics,1/12/2023 18:06,1/12/2023 18:41,0:35
556,Statistics,1/12/2023 18:48,1/12/2023 19:21,0:33
557,Statistics,1/12/2023 20:45,1/12/2023 22:08,1:23
558,Statistics,1/13/2023 5:31,1/13/2023 7:43,2:12
559,Statistics,1/13/2023 10:29,1/13/2023 10:44,0:15
560,Statistics,1/14/2023 7:24,1/14/2023 8:19,0:55
561,Statistics,1/14/2023 13:58,1/14/2023 14:08,0:10
562,Statistics,1/14/2023 16:15,1/14/2023 16:28,0:13
563,Statistics,1/14/2023 17:09,1/14/2023 19:21,2:12
564,Statistics,1/15/2023 7:07,1/15/2023 9:11,2:04
565,Statistics,1/16/2023 9:37,1/16/2023 11:50,2:13
566,Statistics,1/16/2023 16:24,1/16/2023 16:55,0:31
567,Statistics,1/16/2023 18:45,1/16/2023 20:00,1:15
568,Statistics,1/17/2023 7:45,1/17/2023 8:18,0:33
569,Statistics,1/17/2023 8:47,1/17/2023 9:38,0:51
570,Statistics,1/17/2023 17:19,1/17/2023 18:15,0:56
571,Statistics,1/18/2023 6:32,1/18/2023 9:54,3:22
572,Statistics,1/18/2023 11:19,1/18/2023 12:54,1:35
573,Statistics,1/18/2023 13:01,1/18/2023 13:20,0:19
574,Statistics,1/19/2023 9:15,1/19/2023 11:17,2:02
575,Statistics,1/19/2023 11:53,1/19/2023 12:16,0:23
576,Statistics,1/19/2023 14:47,1/19/2023 15:28,0:41
577,Statistics,1/19/2023 18:30,1/19/2023 19:45,1:15
578,Statistics,1/20/2023 7:35,1/20/2023 9:00,1:25
579,Statistics,1/20/2023 18:32,1/20/2023 19:38,1:06
580,Statistics,1/21/2023 11:38,1/21/2023 11:44,0:06
581,Statistics,1/21/2023 11:55,1/21/2023 13:31,1:36
582,Statistics,1/21/2023 14:05,1/21/2023 16:09,2:04
583,Statistics,1/22/2023 5:58,1/22/2023 7:04,1:06
584,Statistics,1/22/2023 7:22,1/22/2023 13:15,5:53
585,Statistics,1/23/2023 10:47,1/23/2023 11:58,1:11
586,Statistics,1/23/2023 13:00,1/23/2023 13:24,0:24
587,Statistics,1/23/2023 14:10,1/23/2023 14:36,0:26
588,Statistics,1/23/2023 18:39,1/23/2023 20:32,1:53
589,Statistics,1/24/2023 7:17,1/24/2023 8:40,1:23
590,Statistics,1/26/2023 16:08,1/26/2023 19:42,3:34
591,Statistics,1/26/2023 20:47,1/26/2023 21:12,0:25
592,Statistics,1/27/2023 16:25,1/27/2023 20:23,3:58
593,Statistics,1/28/2023 12:33,1/28/2023 18:18,5:45
594,Statistics,1/29/2023 7:40,1/29/2023 10:06,2:26
595,Statistics,1/29/2023 16:38,1/29/2023 19:20,2:42
596,Statistics,1/30/2023 7:49,1/30/2023 11:26,3:37
597,Statistics,1/30/2023 12:09,1/30/2023 15:01,2:52
598,Statistics,1/30/2023 16:44,1/30/2023 19:24,2:40
599,Statistics,1/31/2023 7:25,1/31/2023 13:06,5:41
600,Statistics,1/31/2023 13:10,1/31/2023 13:49,0:39
601,Statistics,2/1/2023 8:08,2/1/2023 8:19,0:11
602,Statistics,2/1/2023 8:25,2/1/2023 12:45,4:20
603,Statistics,2/1/2023 13:07,2/1/2023 14:46,1:39
604,Statistics,2/1/2023 14:58,2/1/2023 15:24,0:26
605,Statistics,2/2/2023 9:32,2/2/2023 9:54,0:22
606,Statistics,2/2/2023 10:21,2/2/2023 11:02,0:41
607,Statistics,2/2/2023 11:38,2/2/2023 11:45,0:07
608,Statistics,2/2/2023 20:43,2/2/2023 22:01,1:18
609,Statistics,2/3/2023 7:36,2/3/2023 9:20,1:44
610,Statistics,2/3/2023 12:58,2/3/2023 13:41,0:43
611,Statistics,2/3/2023 17:04,2/3/2023 18:32,1:28
612,Statistics,2/3/2023 18:48,2/3/2023 20:39,1:51
613,Statistics,2/4/2023 12:49,2/4/2023 13:47,0:58
614,Statistics,2/4/2023 14:27,2/4/2023 16:33,2:06
615,Statistics,2/5/2023 7:46,2/5/2023 11:41,3:55
616,Statistics,2/5/2023 16:18,2/5/2023 18:20,2:02
617,Statistics,2/6/2023 8:28,2/6/2023 14:12,5:44
618,Statistics,2/6/2023 14:28,2/6/2023 14:42,0:14
619,Statistics,2/6/2023 17:40,2/6/2023 19:32,1:52
620,Statistics,2/7/2023 9:12,2/7/2023 10:00,0:48
621,Statistics,2/8/2023 5:34,2/8/2023 12:15,6:41
622,Statistics,2/8/2023 12:59,2/8/2023 14:01,1:02
623,Statistics,2/8/2023 17:40,2/8/2023 18:25,0:45
624,Statistics,2/9/2023 8:55,2/9/2023 11:45,2:50
625,Statistics,2/9/2023 14:47,2/9/2023 15:56,1:09
626,Statistics,2/10/2023 6:59,2/10/2023 9:25,2:26
627,Statistics,2/10/2023 13:25,2/10/2023 15:37,2:12
628,Statistics,2/10/2023 17:33,2/10/2023 22:33,5:00
629,Statistics,2/11/2023 12:48,2/11/2023 14:48,2:00
630,Statistics,2/12/2023 7:49,2/12/2023 11:30,3:41
631,Statistics,2/13/2023 10:26,2/13/2023 12:34,2:08
632,Statistics,2/13/2023 13:13,2/13/2023 13:51,0:38
633,Statistics,2/14/2023 8:35,2/14/2023 10:29,1:54
634,Statistics,2/15/2023 7:42,2/15/2023 11:00,3:18
635,Statistics,2/15/2023 11:39,2/15/2023 12:40,1:01
636,Statistics,2/15/2023 12:57,2/15/2023 14:43,1:46
637,Statistics,2/16/2023 7:25,2/16/2023 10:08,2:43
638,Statistics,2/17/2023 16:10,2/17/2023 16:12,0:02
639,Statistics,2/17/2023 16:59,2/17/2023 18:14,1:15
640,Statistics,2/18/2023 12:10,2/18/2023 16:10,4:00
641,Statistics,2/19/2023 8:10,2/19/2023 10:36,2:26
642,Statistics,2/19/2023 10:43,2/19/2023 11:24,0:41
643,Statistics,2/20/2023 8:25,2/20/2023 10:18,1:53
644,Statistics,2/20/2023 10:43,2/20/2023 11:54,1:11
645,Statistics,2/20/2023 12:23,2/20/2023 14:10,1:47
646,Statistics,2/20/2023 14:35,2/20/2023 14:47,0:12
647,Statistics,2/20/2023 15:37,2/20/2023 16:09,0:32
648,Statistics,2/20/2023 17:31,2/20/2023 19:27,1:56
649,Statistics,2/21/2023 8:16,2/21/2023 9:37,1:21
650,Statistics,2/21/2023 14:06,2/21/2023 16:07,2:01
651,Statistics,2/21/2023 18:39,2/21/2023 19:24,0:45
652,Statistics,2/22/2023 7:49,2/22/2023 8:01,0:12
653,Statistics,2/22/2023 8:44,2/22/2023 10:23,1:39
654,Statistics,2/23/2023 8:28,2/23/2023 13:48,5:20
655,Statistics,2/23/2023 19:45,2/23/2023 21:11,1:26
656,Statistics,2/24/2023 14:23,2/24/2023 14:50,0:27
657,Statistics,2/26/2023 7:50,2/26/2023 9:42,1:52
658,Statistics,2/26/2023 18:38,2/26/2023 20:00,1:22
659,Statistics,2/27/2023 10:01,2/27/2023 14:29,4:28
660,Statistics,2/28/2023 8:24,2/28/2023 10:14,1:50
661,Statistics,2/28/2023 14:16,2/28/2023 15:32,1:16
662,Statistics,2/28/2023 20:08,2/28/2023 22:08,2:00
663,Statistics,3/1/2023 6:56,3/1/2023 9:00,2:04
664,Statistics,3/1/2023 9:16,3/1/2023 10:46,1:30
665,Statistics,3/1/2023 17:31,3/1/2023 18:30,0:59
666,Statistics,3/2/2023 7:35,3/2/2023 9:54,2:19
667,Statistics,3/2/2023 9:31,3/2/2023 10:34,1:03
668,Statistics,3/2/2023 10:49,3/2/2023 10:51,0:02
669,Statistics,3/2/2023 14:21,3/2/2023 17:06,2:45
670,Statistics,3/3/2023 7:56,3/3/2023 8:38,0:42
671,Statistics,3/4/2023 16:14,3/4/2023 18:04,1:50
672,Statistics,3/4/2023 18:29,3/4/2023 19:49,1:20
673,Statistics,3/5/2023 7:15,3/5/2023 9:45,2:30
674,Statistics,3/6/2023 10:22,3/6/2023 12:33,2:11
675,Statistics,3/6/2023 13:13,3/6/2023 14:10,0:57
676,Statistics,3/6/2023 17:31,3/6/2023 18:06,0:35
677,Statistics,3/7/2023 9:02,3/7/2023 9:51,0:49
678,Statistics,3/7/2023 15:33,3/7/2023 15:52,0:19
679,Statistics,3/10/2023 14:07,3/10/2023 16:28,2:21
680,Statistics,3/10/2023 17:25,3/10/2023 18:40,1:15
681,Statistics,3/11/2023 12:38,3/11/2023 13:45,1:07
682,Statistics,3/11/2023 14:26,3/11/2023 17:47,3:21
683,Statistics,3/11/2023 17:19,3/11/2023 17:38,0:19
684,Statistics,3/11/2023 17:39,3/11/2023 17:50,0:11
685,Statistics,3/11/2023 18:13,3/11/2023 19:03,0:50
686,Statistics,3/13/2023 8:53,3/13/2023 10:21,1:28
687,Statistics,3/13/2023 10:42,3/13/2023 12:15,1:33
688,Statistics,3/13/2023 12:23,3/13/2023 12:42,0:19
689,Statistics,3/13/2023 14:04,3/13/2023 14:20,0:16
690,Statistics,3/13/2023 18:39,3/13/2023 19:34,0:55
691,Statistics,3/14/2023 8:59,3/14/2023 10:08,1:09
692,Statistics,3/14/2023 14:48,3/14/2023 16:43,1:55
693,Statistics,3/15/2023 8:23,3/15/2023 9:59,1:36
694,Statistics,3/15/2023 10:29,3/15/2023 10:37,0:08
695,Statistics,3/15/2023 10:56,3/15/2023 12:41,1:45
696,Statistics,3/15/2023 12:52,3/15/2023 13:54,1:02
697,Statistics,3/15/2023 18:21,3/15/2023 19:44,1:23
698,Statistics,3/16/2023 9:44,3/16/2023 10:14,0:30
699,Statistics,3/16/2023 11:35,3/16/2023 12:26,0:51
700,Statistics,3/17/2023 15:34,3/17/2023 18:44,3:10
701,Statistics,3/19/2023 18:08,3/19/2023 19:26,1:18
702,Statistics,3/20/2023 10:05,3/20/2023 12:43,2:38
703,Statistics,3/22/2023 9:06,3/22/2023 10:00,0:54
704,Statistics,3/22/2023 11:19,3/22/2023 13:05,1:46
705,Statistics,3/22/2023 14:02,3/22/2023 14:16,0:14
706,Statistics,3/23/2023 6:39,3/23/2023 11:19,4:40
707,Statistics,3/23/2023 16:14,3/23/2023 17:17,1:03
708,Statistics,3/25/2023 11:12,3/25/2023 13:16,2:04
709,Statistics,3/25/2023 14:54,3/25/2023 15:57,1:03
710,Statistics,3/26/2023 6:46,3/26/2023 8:59,2:13
711,Statistics,3/26/2023 17:37,3/26/2023 19:15,1:38
712,Statistics,3/27/2023 10:01,3/27/2023 11:14,1:13
713,Statistics,3/27/2023 12:21,3/27/2023 12:55,0:34
714,Statistics,3/27/2023 17:15,3/27/2023 20:03,2:48
715,Statistics,3/28/2023 17:42,3/28/2023 18:31,0:49
716,Statistics,3/29/2023 8:40,3/29/2023 11:34,2:54
717,Statistics,3/29/2023 12:46,3/29/2023 15:02,2:16
718,Statistics,3/30/2023 8:24,3/30/2023 10:59,2:35
719,Statistics,3/30/2023 12:42,3/30/2023 14:08,1:26
720,Statistics,3/30/2023 15:55,3/30/2023 17:36,1:41
721,Statistics,3/31/2023 7:29,3/31/2023 9:37,2:08
722,Statistics,3/31/2023 14:09,3/31/2023 14:56,0:47
723,Statistics,4/1/2023 15:01,4/1/2023 19:03,4:02
724,Statistics,4/1/2023 19:28,4/1/2023 21:31,2:03
725,Statistics,4/2/2023 8:10,4/2/2023 8:53,0:43
726,Statistics,4/2/2023 10:35,4/2/2023 11:58,1:23
727,Statistics,4/2/2023 12:04,4/2/2023 14:04,2:00
728,Statistics,4/2/2023 17:54,4/2/2023 19:28,1:34
729,Statistics,4/3/2023 9:43,4/3/2023 11:58,2:15
730,Statistics,4/3/2023 14:17,4/3/2023 15:22,1:05
731,Statistics,4/4/2023 9:15,4/4/2023 10:04,0:49
732,Statistics,4/4/2023 15:12,4/4/2023 19:05,3:53
733,Statistics,4/5/2023 10:37,4/5/2023 14:44,4:07
734,Statistics,4/5/2023 17:33,4/5/2023 18:34,1:01
735,Statistics,4/5/2023 18:51,4/5/2023 19:41,0:50
736,Statistics,4/6/2023 7:31,4/6/2023 11:54,4:23
737,Statistics,4/6/2023 14:49,4/6/2023 17:33,2:44
738,Statistics,4/7/2023 14:27,4/7/2023 17:41,3:14
739,Statistics,4/7/2023 18:00,4/7/2023 19:58,1:58
740,Statistics,4/7/2023 21:09,4/7/2023 22:41,1:32
741,Statistics,4/8/2023 20:55,4/8/2023 23:01,2:06
742,Statistics,4/9/2023 8:39,4/9/2023 9:08,0:29
743,Statistics,4/9/2023 10:13,4/9/2023 12:14,2:01
744,Statistics,4/10/2023 10:34,4/10/2023 12:44,2:10
745,Statistics,4/10/2023 13:39,4/10/2023 14:45,1:06
746,Statistics,4/10/2023 18:30,4/10/2023 22:30,4:00
747,Statistics,4/11/2023 8:04,4/11/2023 9:52,1:48
748,Statistics,4/11/2023 15:06,4/11/2023 16:06,1:00
749,Statistics,4/11/2023 17:46,4/11/2023 19:50,2:04
750,Statistics,4/12/2023 6:45,4/12/2023 9:52,3:07
751,Statistics,4/12/2023 10:37,4/12/2023 11:30,0:53
752,Statistics,4/12/2023 19:48,4/12/2023 22:00,2:12
753,Statistics,4/13/2023 14:44,4/13/2023 16:31,1:47
754,Statistics,4/13/2023 17:00,4/13/2023 17:52,0:52
755,Statistics,4/16/2023 16:20,4/16/2023 16:50,0:30
756,Statistics,4/16/2023 18:07,4/16/2023 18:29,0:22
757,ML_Python,4/17/2023 10:42,4/17/2023 10:43,0:01
758,ML_Python,4/17/2023 10:55,4/17/2023 11:30,0:35
759,ML_Python,4/17/2023 12:20,4/17/2023 12:27,0:07
760,ML_Python,4/17/2023 12:30,4/17/2023 12:32,0:02
761,ML_Python,4/17/2023 12:43,4/17/2023 14:01,1:18
762,ML_Python,4/17/2023 18:31,4/17/2023 20:00,1:29
763,ML_Python,4/18/2023 8:38,4/18/2023 10:47,2:09
764,ML_Python,4/18/2023 15:25,4/18/2023 16:50,1:25
765,ML_Python,4/18/2023 20:00,4/18/2023 20:24,0:24
766,ML_Python,4/19/2023 14:34,4/19/2023 19:34,5:00
767,ML_Python,4/19/2023 19:34,4/19/2023 19:34,0:00
768,ML_Python,4/20/2023 7:31,4/20/2023 10:51,3:20
769,ML_Python,4/23/2023 12:12,4/23/2023 13:30,1:18
770,ML_Python,4/23/2023 14:00,4/23/2023 14:16,0:16
771,ML_Python,4/23/2023 14:20,4/23/2023 14:42,0:22
772,ML_Python,4/24/2023 8:07,4/24/2023 10:00,1:53
773,ML_Python,4/24/2023 10:00,4/24/2023 10:56,0:56
774,ML_Python,4/24/2023 13:24,4/24/2023 13:40,0:16
775,ML_Python,4/25/2023 8:01,4/25/2023 9:50,1:49
776,ML_Python,4/26/2023 7:59,4/26/2023 9:04,1:05
777,ML_Python,4/26/2023 9:43,4/26/2023 10:33,0:50
778,ML_Python,4/27/2023 9:46,4/27/2023 11:39,1:53
779,ML_Python,4/27/2023 13:57,4/27/2023 14:33,0:36
780,ML_Python,4/27/2023 15:12,4/27/2023 15:34,0:22
781,ML_Python,4/27/2023 18:46,4/27/2023 18:48,0:02
782,ML_Python,4/28/2023 12:46,4/28/2023 13:26,0:40
783,ML_Python,5/4/2023 14:25,5/4/2023 15:43,1:18
784,ML_Python,5/4/2023 16:06,5/4/2023 18:47,2:41
785,ML_Python,5/5/2023 5:11,5/5/2023 10:51,5:40
786,ML_Python,5/5/2023 14:32,5/5/2023 17:45,3:13
787,ML_Python,5/6/2023 11:38,5/6/2023 17:08,5:30
788,ML_Python,5/7/2023 6:41,5/7/2023 7:18,0:37
789,ML_Python,5/7/2023 8:10,5/7/2023 9:43,1:33
790,ML_Python,5/7/2023 10:40,5/7/2023 13:28,2:48
791,ML_Python,5/8/2023 11:20,5/8/2023 12:07,0:47
792,ML_Python,5/8/2023 15:13,5/8/2023 16:14,1:01
793,ML_Python,5/9/2023 9:07,5/9/2023 12:20,3:13
