ENTRY NO.,START,END,ON THE CLOCK
1,7/3/2022 8:00,7/3/2022 8:47,0:47
2,7/4/2022 16:18,7/4/2022 18:26,2:08
3,7/4/2022 18:58,7/4/2022 19:58,1:00
4,7/5/2022 8:42,7/5/2022 9:25,0:41
5,7/5/2022 10:26,7/5/2022 10:48,0:22
6,7/5/2022 16:42,7/5/2022 17:38,0:56
7,7/5/2022 17:38,7/5/2022 18:07,0:29
8,7/6/2022 17:12,7/6/2022 19:18,2:01
9,7/7/2022 15:23,7/7/2022 16:22,0:59
10,7/7/2022 16:43,7/7/2022 17:18,0:35
11,7/7/2022 17:49,7/7/2022 19:07,1:17
12,7/8/2022 14:17,7/8/2022 15:11,0:27
13,7/9/2022 7:18,7/9/2022 14:29,3:26
14,7/9/2022 17:05,7/9/2022 17:55,0:50
15,7/9/2022 18:56,7/9/2022 19:09,0:13
16,7/10/2022 7:23,7/10/2022 10:01,2:17
17,7/10/2022 10:37,7/10/2022 12:08,1:31
18,7/10/2022 12:35,7/10/2022 12:43,0:08
19,7/10/2022 16:53,7/10/2022 17:31,0:38
20,7/11/2022 9:28,7/11/2022 10:12,0:41
21,7/11/2022 11:33,7/11/2022 14:12,1:02
22,7/11/2022 15:21,7/11/2022 17:15,1:54
23,7/12/2022 6:30,7/12/2022 9:50,1:42
24,7/12/2022 16:30,7/12/2022 17:38,0:52
25,7/12/2022 18:09,7/12/2022 19:09,1:00
26,7/13/2022 13:35,7/13/2022 17:48,2:34
27,7/13/2022 19:17,7/13/2022 20:14,0:57
28,7/14/2022 8:45,7/14/2022 11:11,1:56
29,7/14/2022 16:58,7/14/2022 18:21,1:07
30,7/15/2022 14:38,7/15/2022 17:35,1:52
31,7/15/2022 17:37,7/15/2022 17:44,0:07
32,7/16/2022 11:03,7/16/2022 12:15,1:12
33,7/16/2022 15:11,7/16/2022 15:40,0:29
34,7/16/2022 15:46,7/16/2022 16:41,0:55
35,7/16/2022 17:04,7/16/2022 17:42,0:38
36,7/17/2022 8:19,7/17/2022 10:41,2:22
37,7/17/2022 17:20,7/17/2022 17:58,0:38
38,7/18/2022 10:18,7/18/2022 11:14,0:56
39,7/18/2022 14:02,7/18/2022 14:20,0:18
40,7/18/2022 14:26,7/18/2022 15:07,0:41
41,7/18/2022 16:48,7/18/2022 16:59,0:11
42,7/18/2022 17:03,7/18/2022 17:51,0:48
43,7/18/2022 17:56,7/18/2022 18:00,0:04
44,7/18/2022 19:12,7/18/2022 19:41,0:29
45,7/19/2022 8:02,7/19/2022 8:17,0:15
46,7/19/2022 14:26,7/19/2022 15:08,0:42
47,7/19/2022 15:09,7/19/2022 15:18,0:09
48,7/19/2022 17:45,7/19/2022 17:49,0:04
49,7/19/2022 17:56,7/19/2022 18:21,0:25
50,7/20/2022 9:15,7/20/2022 10:17,1:02
51,7/20/2022 17:45,7/20/2022 18:31,0:46
52,7/20/2022 18:56,7/20/2022 19:14,0:18
53,7/21/2022 9:25,7/21/2022 9:42,0:17
54,7/21/2022 9:47,7/21/2022 10:21,0:34
55,7/21/2022 10:40,7/21/2022 11:16,0:36
56,7/21/2022 17:26,7/21/2022 18:23,0:57
57,7/22/2022 7:41,7/22/2022 8:20,0:39
58,7/22/2022 9:16,7/22/2022 9:53,0:37
59,7/22/2022 16:32,7/22/2022 18:25,1:53
60,7/23/2022 8:27,7/23/2022 10:21,1:54
61,7/24/2022 10:15,7/24/2022 10:46,0:31
62,7/28/2022 8:26,7/28/2022 10:18,1:52
63,7/28/2022 10:28,7/28/2022 10:54,0:26
64,7/28/2022 17:44,7/28/2022 17:46,0:02
65,7/28/2022 18:16,7/28/2022 18:27,0:11
66,7/30/2022 9:26,7/30/2022 10:10,0:44
67,7/30/2022 16:04,7/30/2022 16:17,0:13
68,7/31/2022 8:16,7/31/2022 8:44,0:28
69,7/31/2022 9:08,7/31/2022 9:27,0:19
70,7/31/2022 9:38,7/31/2022 10:35,0:57
71,7/31/2022 10:38,7/31/2022 11:00,0:22
72,7/31/2022 14:53,7/31/2022 15:13,0:20
73,7/31/2022 17:21,7/31/2022 18:09,0:48
74,8/1/2022 9:35,8/1/2022 9:42,0:07
75,8/1/2022 9:46,8/1/2022 10:45,0:59
76,8/1/2022 10:57,8/1/2022 11:43,0:46
77,8/1/2022 13:19,8/1/2022 13:48,0:29
78,8/1/2022 13:52,8/1/2022 14:38,0:46
79,8/2/2022 9:01,8/2/2022 9:39,0:38
80,8/2/2022 9:45,8/2/2022 10:09,0:24
81,8/2/2022 15:44,8/2/2022 17:19,1:35
82,8/3/2022 7:03,8/3/2022 8:14,1:11
83,8/3/2022 9:36,8/3/2022 10:12,0:36
84,8/3/2022 10:16,8/3/2022 10:30,0:14
85,8/3/2022 10:33,8/3/2022 10:56,0:23
86,8/3/2022 12:48,8/3/2022 13:47,0:59
87,8/4/2022 9:59,8/4/2022 11:08,1:09
88,8/14/2022 10:14,8/14/2022 12:23,2:09
89,8/14/2022 16:41,8/14/2022 18:12,1:31
90,8/15/2022 9:00,8/15/2022 9:21,0:21
91,8/15/2022 9:28,8/15/2022 9:46,0:18
92,8/15/2022 9:52,8/15/2022 10:16,0:24
93,8/15/2022 11:15,8/15/2022 14:49,3:34
94,8/15/2022 15:23,8/15/2022 17:26,2:03
95,8/16/2022 7:07,8/16/2022 8:27,1:20
96,8/16/2022 8:47,8/16/2022 10:21,1:34
97,8/16/2022 10:33,8/16/2022 11:47,1:14
98,8/16/2022 14:26,8/16/2022 15:47,1:21
99,8/17/2022 7:55,8/17/2022 8:26,0:31
100,8/17/2022 8:45,8/17/2022 10:20,1:35
101,8/17/2022 10:44,8/17/2022 11:47,1:03
102,8/17/2022 11:53,8/17/2022 12:24,0:31
103,8/17/2022 12:46,8/17/2022 13:35,0:49
104,8/17/2022 13:40,8/17/2022 14:07,0:27
105,8/17/2022 15:07,8/17/2022 15:43,0:36
106,8/17/2022 16:00,8/17/2022 16:15,0:15
107,8/17/2022 16:49,8/17/2022 18:10,1:21
108,8/18/2022 7:50,8/18/2022 8:14,0:24
109,8/18/2022 14:45,8/18/2022 15:36,0:51
110,8/18/2022 16:37,8/18/2022 17:48,1:11
111,8/19/2022 5:20,8/19/2022 8:16,2:56
112,8/19/2022 9:01,8/19/2022 9:15,0:14
113,8/19/2022 10:09,8/19/2022 10:50,0:41
114,8/19/2022 14:11,8/19/2022 14:57,0:46
115,8/19/2022 16:08,8/19/2022 18:03,1:55
116,8/19/2022 18:06,8/19/2022 19:00,0:54
117,8/20/2022 11:19,8/20/2022 12:10,0:51
118,8/20/2022 12:16,8/20/2022 13:12,0:56
119,8/20/2022 13:35,8/20/2022 14:34,0:59
120,8/20/2022 15:08,8/20/2022 15:38,0:30
121,8/21/2022 7:30,8/21/2022 11:09,3:39
122,8/21/2022 11:29,8/21/2022 12:31,1:02
123,8/21/2022 16:13,8/21/2022 17:03,0:50
124,8/21/2022 17:27,8/21/2022 19:05,1:38
125,8/22/2022 9:34,8/22/2022 10:59,1:25
126,8/22/2022 11:19,8/22/2022 11:51,0:32
127,8/22/2022 12:02,8/22/2022 12:49,0:47
128,8/22/2022 13:24,8/22/2022 14:40,1:16
129,8/22/2022 16:52,8/22/2022 20:00,3:08
130,8/23/2022 9:33,8/23/2022 9:51,0:18
131,8/23/2022 14:59,8/23/2022 16:37,1:38
132,8/23/2022 17:16,8/23/2022 17:54,0:38
133,8/23/2022 17:56,8/23/2022 18:25,0:29
134,8/24/2022 6:20,8/24/2022 7:50,1:30
135,8/24/2022 9:22,8/24/2022 11:01,1:39
136,8/24/2022 12:35,8/24/2022 14:11,1:36
137,8/24/2022 15:10,8/24/2022 15:58,0:48
138,8/24/2022 16:13,8/24/2022 17:05,0:52
139,8/24/2022 17:15,8/24/2022 18:21,1:06
140,8/25/2022 5:51,8/25/2022 7:49,1:58
141,8/25/2022 9:36,8/25/2022 10:55,1:19
142,8/25/2022 10:14,8/25/2022 10:50,0:36
143,8/25/2022 15:19,8/25/2022 16:58,1:39
144,8/25/2022 17:28,8/25/2022 18:18,0:50
145,8/26/2022 6:50,8/26/2022 8:23,1:33
146,8/26/2022 9:13,8/26/2022 11:15,2:02
147,8/26/2022 12:16,8/26/2022 13:30,1:14
148,8/27/2022 10:29,8/27/2022 12:13,1:44
149,8/27/2022 12:28,8/27/2022 18:57,6:29
150,8/28/2022 12:17,8/28/2022 13:27,1:10
151,8/29/2022 9:55,8/29/2022 12:05,2:10
152,8/29/2022 12:09,8/29/2022 13:00,0:51
153,8/29/2022 13:27,8/29/2022 14:21,0:54
154,8/29/2022 14:31,8/29/2022 15:23,0:52
155,8/29/2022 15:26,8/29/2022 15:45,0:19
156,8/29/2022 17:41,8/29/2022 18:31,0:50
157,8/30/2022 6:33,8/30/2022 8:14,1:41
158,8/30/2022 8:24,8/30/2022 8:41,0:17
159,8/30/2022 8:50,8/30/2022 10:25,1:35
160,8/30/2022 10:48,8/30/2022 11:46,0:58
161,8/31/2022 6:24,8/31/2022 8:13,1:49
162,8/31/2022 8:57,8/31/2022 9:55,0:58
163,8/31/2022 10:03,8/31/2022 10:33,0:30
164,8/31/2022 11:20,8/31/2022 13:36,2:16
165,9/1/2022 5:58,9/1/2022 8:24,2:26
166,9/1/2022 9:19,9/1/2022 11:15,1:56
167,9/1/2022 12:46,9/1/2022 14:14,1:28
168,9/1/2022 15:49,9/1/2022 17:07,1:18
169,9/1/2022 17:31,9/1/2022 19:14,1:43
170,9/2/2022 6:29,9/2/2022 8:01,1:32
171,9/2/2022 9:18,9/2/2022 11:21,2:03
172,9/2/2022 11:40,9/2/2022 12:29,0:49
173,9/2/2022 13:50,9/2/2022 15:14,1:24
174,9/3/2022 6:58,9/3/2022 9:26,2:28
175,9/3/2022 9:30,9/3/2022 10:22,0:52
176,9/3/2022 10:34,9/3/2022 11:29,0:55
177,9/3/2022 11:39,9/3/2022 12:32,0:53
178,9/3/2022 16:11,9/3/2022 17:05,0:54
179,9/4/2022 7:20,9/4/2022 10:30,3:10
180,9/5/2022 9:48,9/5/2022 10:44,0:56
181,9/5/2022 10:51,9/5/2022 11:20,0:29
182,9/5/2022 11:32,9/5/2022 12:10,0:38
183,9/5/2022 13:37,9/5/2022 13:40,0:03
184,9/5/2022 14:24,9/5/2022 15:19,0:55
185,9/5/2022 15:25,9/5/2022 15:46,0:21
186,9/5/2022 16:27,9/5/2022 17:25,0:58
187,9/5/2022 17:38,9/5/2022 18:45,1:07
188,9/5/2022 18:50,9/5/2022 19:32,0:42
189,9/6/2022 5:40,9/6/2022 7:00,1:20
190,9/6/2022 7:32,9/6/2022 7:59,0:27
191,9/6/2022 8:43,9/6/2022 9:30,0:47
192,9/6/2022 18:38,9/6/2022 19:15,0:37
193,9/7/2022 6:15,9/7/2022 9:46,3:31
194,9/7/2022 11:28,9/7/2022 13:37,2:09
195,9/7/2022 17:40,9/7/2022 19:25,1:45
196,9/8/2022 5:22,9/8/2022 5:47,0:25
197,9/8/2022 6:14,9/8/2022 8:12,1:58
198,9/8/2022 8:57,9/8/2022 9:54,0:57
199,9/8/2022 10:20,9/8/2022 11:44,1:24
200,9/8/2022 17:14,9/8/2022 18:12,0:58
201,9/9/2022 6:47,9/9/2022 9:45,2:58
202,9/9/2022 13:58,9/9/2022 15:55,1:57
203,9/9/2022 19:15,9/9/2022 19:55,0:40
204,9/9/2022 22:00,9/9/2022 22:26,0:26
205,9/10/2022 7:27,9/10/2022 7:55,0:28
206,9/10/2022 12:39,9/10/2022 16:15,3:36
207,9/11/2022 6:42,9/11/2022 12:03,5:21
208,9/11/2022 16:39,9/11/2022 17:49,1:10
209,9/12/2022 4:49,9/12/2022 4:50,0:01
210,9/12/2022 4:57,9/12/2022 7:04,2:07
211,9/12/2022 10:18,9/12/2022 10:34,0:16
212,9/12/2022 11:05,9/12/2022 13:33,2:28
213,9/12/2022 17:27,9/12/2022 19:33,2:06
214,9/13/2022 6:50,9/13/2022 8:27,1:37
215,9/13/2022 8:39,9/13/2022 9:05,0:26
216,9/13/2022 15:37,9/13/2022 17:09,1:32
217,9/13/2022 17:15,9/13/2022 18:15,1:00
218,9/14/2022 6:41,9/14/2022 9:07,2:26
219,9/14/2022 12:34,9/14/2022 13:30,0:56
220,9/14/2022 13:38,9/14/2022 14:38,1:00
221,9/15/2022 6:54,9/15/2022 8:48,1:54
222,9/15/2022 9:13,9/15/2022 11:11,1:58
223,9/15/2022 14:21,9/15/2022 15:23,1:02
224,9/15/2022 16:33,9/15/2022 17:15,0:42
225,9/15/2022 17:37,9/15/2022 18:14,0:37
226,9/16/2022 7:03,9/16/2022 9:49,2:46
227,9/16/2022 14:46,9/16/2022 15:14,0:28
228,9/16/2022 15:31,9/16/2022 15:43,0:12
229,9/16/2022 17:35,9/16/2022 18:10,0:35
230,9/17/2022 12:48,9/17/2022 14:35,1:47
231,9/17/2022 16:38,9/17/2022 17:48,1:10
232,9/18/2022 7:24,9/18/2022 11:46,4:22
233,9/18/2022 16:20,9/18/2022 17:01,0:41
234,9/18/2022 17:15,9/18/2022 17:40,0:25
235,9/18/2022 18:40,9/18/2022 19:01,0:21
236,9/19/2022 6:27,9/19/2022 7:05,0:38
237,9/19/2022 9:57,9/19/2022 11:47,1:50
238,9/19/2022 11:51,9/19/2022 12:30,0:39
239,9/19/2022 14:00,9/19/2022 15:57,1:57
240,9/20/2022 6:47,9/20/2022 8:37,1:50
241,9/20/2022 8:56,9/20/2022 9:16,0:20
242,9/20/2022 14:34,9/20/2022 15:25,0:51
243,9/21/2022 8:12,9/21/2022 8:21,0:09
244,9/21/2022 8:30,9/21/2022 12:41,4:11
245,9/21/2022 14:52,9/21/2022 15:45,0:53
246,9/22/2022 6:49,9/22/2022 8:50,2:01
247,9/22/2022 9:13,9/22/2022 11:20,2:07
248,9/22/2022 11:23,9/22/2022 11:58,0:35
249,9/22/2022 14:58,9/22/2022 17:48,2:50
250,9/22/2022 17:49,9/22/2022 18:37,0:48
251,9/23/2022 6:46,9/23/2022 9:09,2:23
252,9/23/2022 15:01,9/23/2022 15:51,0:50
253,9/24/2022 11:30,9/24/2022 17:11,5:41
254,9/24/2022 17:19,9/24/2022 21:08,3:49
255,9/24/2022 21:09,9/24/2022 21:28,0:19
256,9/25/2022 7:05,9/25/2022 9:15,2:10
257,9/25/2022 9:27,9/25/2022 9:56,0:29
258,9/25/2022 10:05,9/25/2022 11:58,1:53
259,9/25/2022 16:08,9/25/2022 16:49,0:41
260,9/25/2022 18:57,9/25/2022 19:10,0:13
261,9/25/2022 19:38,9/25/2022 20:07,0:29
262,9/26/2022 5:22,9/26/2022 7:00,1:38
263,9/26/2022 7:10,9/26/2022 9:06,1:56
264,9/26/2022 9:09,9/26/2022 10:35,1:26
265,9/26/2022 10:59,9/26/2022 11:40,0:41
266,9/26/2022 13:49,9/26/2022 13:53,0:04
267,9/26/2022 14:07,9/26/2022 14:56,0:49
268,9/26/2022 14:38,9/26/2022 14:38,0:00
269,9/26/2022 17:18,9/26/2022 17:26,0:08
270,9/26/2022 17:34,9/26/2022 18:13,0:39
271,9/27/2022 5:14,9/27/2022 5:34,0:20
272,9/27/2022 5:42,9/27/2022 9:38,3:56
273,9/27/2022 14:03,9/27/2022 15:51,1:48
274,9/28/2022 5:43,9/28/2022 7:20,1:37
275,9/28/2022 7:47,9/28/2022 8:01,0:14
276,9/28/2022 8:25,9/28/2022 8:44,0:19
277,9/28/2022 9:01,9/28/2022 11:40,2:39
278,9/28/2022 14:32,9/28/2022 15:46,1:14
279,9/28/2022 17:41,9/28/2022 18:28,0:47
280,9/29/2022 7:51,9/29/2022 10:13,2:22
281,9/29/2022 10:31,9/29/2022 11:11,0:40
282,9/29/2022 11:59,9/29/2022 13:33,1:34
283,9/29/2022 14:14,9/29/2022 15:22,1:08
284,9/29/2022 16:00,9/29/2022 16:19,0:19
285,9/29/2022 17:02,9/29/2022 18:20,1:18
286,9/30/2022 5:37,9/30/2022 7:01,1:24
287,9/30/2022 7:08,9/30/2022 8:01,0:53
288,9/30/2022 12:51,9/30/2022 14:05,1:14
289,9/30/2022 17:40,9/30/2022 19:46,2:06
290,10/1/2022 12:09,10/1/2022 15:14,3:05
291,10/1/2022 16:02,10/1/2022 18:04,2:02
292,10/2/2022 7:16,10/2/2022 9:56,2:40
293,10/2/2022 13:33,10/2/2022 18:31,4:58
294,10/3/2022 6:17,10/3/2022 7:32,1:15
295,10/3/2022 9:30,10/3/2022 12:27,2:57
296,10/3/2022 12:35,10/3/2022 13:30,0:55
297,10/3/2022 14:00,10/3/2022 14:33,0:33
298,10/3/2022 14:40,10/3/2022 15:38,0:58
299,10/4/2022 7:11,10/4/2022 9:30,2:19
300,10/4/2022 15:07,10/4/2022 16:03,0:56
301,10/5/2022 6:04,10/5/2022 7:19,1:15
302,10/5/2022 7:22,10/5/2022 9:13,1:51
303,10/5/2022 9:49,10/5/2022 11:57,2:08
304,10/5/2022 13:11,10/5/2022 13:57,0:46
305,10/5/2022 14:00,10/5/2022 14:04,0:04
306,10/6/2022 6:54,10/6/2022 9:18,2:24
307,10/6/2022 15:17,10/6/2022 18:48,3:31
308,10/7/2022 6:20,10/7/2022 7:05,0:45
309,10/7/2022 7:44,10/7/2022 10:45,3:01
310,10/7/2022 11:00,10/7/2022 12:26,1:26
311,10/7/2022 12:47,10/7/2022 14:21,1:34
312,10/7/2022 20:27,10/7/2022 22:34,2:07
313,10/7/2022 22:44,10/7/2022 22:59,0:15
314,10/8/2022 8:00,10/8/2022 9:13,1:13
315,10/8/2022 12:03,10/8/2022 15:46,3:43
316,10/8/2022 16:06,10/8/2022 19:21,3:15
317,10/8/2022 19:38,10/8/2022 21:35,1:57
318,10/9/2022 7:36,10/9/2022 9:22,1:46
319,10/9/2022 10:02,10/9/2022 11:58,1:56
320,10/10/2022 8:03,10/10/2022 8:29,0:26
321,10/11/2022 9:41,10/11/2022 10:29,0:48
322,10/11/2022 17:01,10/11/2022 18:41,1:40
323,10/12/2022 8:46,10/12/2022 9:18,0:32
324,10/12/2022 10:54,10/12/2022 12:39,1:45
325,10/12/2022 13:31,10/12/2022 13:57,0:26
326,10/12/2022 14:03,10/12/2022 14:54,0:51
327,10/13/2022 15:11,10/13/2022 17:02,1:51
328,10/14/2022 7:14,10/14/2022 8:26,1:12
329,10/14/2022 8:34,10/14/2022 9:30,0:56
330,10/14/2022 19:00,10/14/2022 20:00,1:00
331,10/15/2022 11:16,10/15/2022 18:30,7:14
332,10/16/2022 7:50,10/16/2022 9:16,1:26
333,10/16/2022 9:21,10/16/2022 10:21,1:00
334,10/17/2022 9:38,10/17/2022 12:52,3:14
335,10/17/2022 13:20,10/17/2022 15:04,1:44
336,10/18/2022 7:03,10/18/2022 10:13,3:10
337,10/18/2022 16:03,10/18/2022 16:24,0:21
338,10/18/2022 18:26,10/18/2022 20:20,1:54
339,10/19/2022 8:13,10/19/2022 10:48,2:35
340,10/19/2022 11:20,10/19/2022 15:59,4:39
341,10/19/2022 16:18,10/19/2022 16:47,0:29
342,10/20/2022 8:00,10/20/2022 11:27,3:27
343,10/20/2022 8:59,10/20/2022 8:59,0:00
344,10/20/2022 11:39,10/20/2022 12:12,0:33
345,10/20/2022 17:42,10/20/2022 20:41,2:59
346,10/21/2022 6:16,10/21/2022 9:51,3:35
347,10/21/2022 10:24,10/21/2022 10:26,0:02
348,10/21/2022 10:29,10/21/2022 10:33,0:04
349,10/21/2022 14:30,10/21/2022 15:45,1:15
350,10/21/2022 19:10,10/21/2022 19:21,0:11
351,10/21/2022 19:37,10/21/2022 21:32,1:55
352,10/22/2022 11:27,10/22/2022 19:16,7:49
353,10/22/2022 19:23,10/22/2022 19:33,0:10
354,10/23/2022 7:04,10/23/2022 9:47,2:43
355,10/23/2022 14:08,10/23/2022 18:53,4:45
356,10/24/2022 6:27,10/24/2022 7:22,0:55
357,10/24/2022 9:40,10/24/2022 10:27,0:47
358,10/24/2022 10:45,10/24/2022 12:30,1:45
359,10/24/2022 12:46,10/24/2022 14:01,1:15
360,10/24/2022 14:00,10/24/2022 14:35,0:35
361,10/25/2022 7:43,10/25/2022 9:23,1:40
362,10/25/2022 15:23,10/25/2022 16:14,0:51
363,10/26/2022 7:08,10/26/2022 10:13,3:05
364,10/26/2022 11:00,10/26/2022 13:52,2:52
365,10/27/2022 9:34,10/27/2022 14:38,5:04
366,10/27/2022 15:47,10/27/2022 17:29,1:42
367,10/27/2022 17:59,10/27/2022 18:30,0:31
368,10/28/2022 13:38,10/28/2022 15:01,1:23
369,10/28/2022 17:11,10/28/2022 19:09,1:58
370,10/28/2022 19:36,10/28/2022 21:36,2:00
371,10/29/2022 11:45,10/29/2022 16:58,5:13
372,10/30/2022 8:19,10/30/2022 9:45,1:26
373,10/30/2022 14:41,10/30/2022 15:30,0:49
374,10/30/2022 17:10,10/30/2022 18:57,1:47
375,10/31/2022 7:51,10/31/2022 12:57,5:06
376,10/31/2022 13:51,10/31/2022 15:54,2:03
377,10/31/2022 17:07,10/31/2022 19:24,2:17
378,11/1/2022 7:08,11/1/2022 8:35,1:27
379,11/1/2022 15:02,11/1/2022 19:32,4:30
380,11/2/2022 9:56,11/2/2022 12:09,2:13
381,11/2/2022 14:04,11/2/2022 15:03,0:59
382,11/3/2022 5:15,11/3/2022 7:31,2:16
383,11/3/2022 7:53,11/3/2022 9:10,1:17
384,11/3/2022 10:05,11/3/2022 13:00,2:55
385,11/3/2022 14:51,11/3/2022 16:17,1:26
386,11/6/2022 9:55,11/6/2022 10:28,0:33
387,11/6/2022 16:59,11/6/2022 19:18,2:19
388,11/7/2022 10:41,11/7/2022 15:09,4:28
389,11/7/2022 15:26,11/7/2022 15:37,0:11
390,11/8/2022 6:58,11/8/2022 9:34,2:36
391,11/9/2022 6:28,11/9/2022 8:46,2:18
392,11/9/2022 8:54,11/9/2022 10:24,1:30
393,11/9/2022 10:35,11/9/2022 10:55,0:20
394,11/9/2022 11:15,11/9/2022 11:53,0:38
395,11/9/2022 12:15,11/9/2022 14:00,1:45
396,11/9/2022 14:39,11/9/2022 15:41,1:02
397,11/10/2022 6:55,11/10/2022 10:12,3:17
398,11/10/2022 10:49,11/10/2022 12:08,1:19
399,11/10/2022 17:59,11/10/2022 18:12,0:13
400,11/11/2022 6:48,11/11/2022 9:45,2:57
401,11/12/2022 9:17,11/12/2022 13:13,3:56
402,11/12/2022 13:39,11/12/2022 17:30,3:51
403,11/13/2022 6:32,11/13/2022 7:45,1:13
404,11/13/2022 8:01,11/13/2022 8:31,0:30
405,11/13/2022 11:46,11/13/2022 12:57,1:11
406,11/13/2022 20:21,11/13/2022 20:45,0:24
407,11/13/2022 21:27,11/14/2022 0:12,2:45
408,11/14/2022 10:48,11/14/2022 12:31,1:43
409,11/14/2022 12:30,11/14/2022 13:38,1:08
410,11/14/2022 17:10,11/14/2022 19:11,2:01
411,11/15/2022 7:03,11/15/2022 9:06,2:03
412,11/15/2022 15:09,11/15/2022 16:25,1:16
413,11/16/2022 5:58,11/16/2022 10:48,4:50
414,11/16/2022 11:43,11/16/2022 13:33,1:50
415,11/17/2022 8:54,11/17/2022 10:05,1:11
416,11/17/2022 10:20,11/17/2022 12:42,2:22
417,11/17/2022 14:36,11/17/2022 19:38,5:02
418,11/18/2022 6:47,11/18/2022 10:14,3:27
419,11/18/2022 15:09,11/18/2022 15:44,0:35
420,11/19/2022 7:35,11/19/2022 9:00,1:25
421,11/19/2022 14:55,11/19/2022 17:55,3:00
422,11/20/2022 8:00,11/20/2022 12:19,4:19
423,11/21/2022 10:37,11/21/2022 16:26,5:49
424,11/21/2022 19:02,11/21/2022 19:40,0:38
425,11/22/2022 7:31,11/22/2022 9:57,2:26
426,11/22/2022 15:20,11/22/2022 17:17,1:57
427,11/22/2022 17:48,11/22/2022 19:57,2:09
428,11/23/2022 7:12,11/23/2022 12:27,5:15
429,11/23/2022 16:46,11/23/2022 18:00,1:14
430,11/24/2022 8:59,11/24/2022 10:03,1:04
431,11/24/2022 19:41,11/24/2022 22:30,2:49
432,11/25/2022 17:36,11/25/2022 21:17,3:41
433,11/26/2022 13:24,11/26/2022 18:21,4:57
434,11/27/2022 8:07,11/27/2022 10:55,2:48
435,11/27/2022 15:56,11/27/2022 18:18,2:22
436,11/28/2022 6:10,11/28/2022 7:17,1:07
437,11/28/2022 9:22,11/28/2022 13:04,3:42
438,11/28/2022 14:29,11/28/2022 15:00,0:31
439,11/29/2022 5:28,11/29/2022 9:43,4:15
440,11/29/2022 15:17,11/29/2022 16:25,1:08
441,11/30/2022 6:14,11/30/2022 14:08,7:54
442,11/30/2022 16:56,11/30/2022 20:13,3:17
443,11/30/2022 21:28,11/30/2022 22:52,1:24
444,12/1/2022 6:45,12/1/2022 11:09,4:24
445,12/1/2022 14:18,12/1/2022 15:52,1:34
446,12/1/2022 20:00,12/1/2022 23:05,3:05
447,12/2/2022 6:27,12/2/2022 9:40,3:13
448,12/2/2022 13:18,12/2/2022 15:14,1:56
449,12/2/2022 18:51,12/2/2022 19:19,0:28
450,12/2/2022 20:19,12/2/2022 23:34,3:15
451,12/3/2022 8:02,12/3/2022 9:50,1:48
452,12/3/2022 12:23,12/3/2022 18:13,5:50
453,12/3/2022 19:28,12/3/2022 22:58,3:30
454,12/4/2022 7:02,12/4/2022 12:28,5:26
455,12/4/2022 15:57,12/4/2022 18:07,2:10
456,12/5/2022 6:10,12/5/2022 7:51,1:41
457,12/5/2022 9:17,12/5/2022 14:04,4:47
458,12/6/2022 5:38,12/6/2022 11:35,5:57
459,12/6/2022 14:35,12/6/2022 16:47,2:12
460,12/6/2022 17:15,12/6/2022 19:04,1:49
461,12/7/2022 6:24,12/7/2022 10:31,4:07
462,12/7/2022 11:07,12/7/2022 12:29,1:22
463,12/7/2022 12:49,12/7/2022 14:34,1:45
464,12/7/2022 19:05,12/7/2022 20:05,1:00
465,12/8/2022 7:01,12/8/2022 11:54,4:53
466,12/8/2022 14:28,12/8/2022 15:05,0:37
467,12/8/2022 16:06,12/8/2022 18:42,2:36
468,12/8/2022 20:24,12/8/2022 21:29,1:05
469,12/9/2022 5:20,12/9/2022 11:21,6:01
470,12/9/2022 12:29,12/9/2022 14:56,2:27
471,12/10/2022 11:00,12/10/2022 16:46,5:46
472,12/10/2022 17:00,12/10/2022 17:27,0:27
473,12/10/2022 17:32,12/10/2022 19:24,1:52
474,12/10/2022 21:26,12/10/2022 22:31,1:05
475,12/11/2022 6:52,12/11/2022 11:38,4:46
476,12/11/2022 13:47,12/11/2022 13:56,0:09
477,12/11/2022 17:03,12/11/2022 20:04,3:01
478,12/12/2022 7:53,12/12/2022 8:03,0:10
479,12/12/2022 8:14,12/12/2022 8:31,0:17
480,12/12/2022 9:42,12/12/2022 10:35,0:53
481,12/12/2022 11:18,12/12/2022 12:12,0:54
482,12/12/2022 13:49,12/12/2022 15:02,1:13
483,12/12/2022 15:21,12/12/2022 15:39,0:18
484,12/12/2022 18:46,12/12/2022 19:30,0:44
485,12/13/2022 7:35,12/13/2022 8:05,0:30
486,12/13/2022 8:14,12/13/2022 9:08,0:54
487,12/13/2022 9:21,12/13/2022 9:26,0:05
488,12/13/2022 10:10,12/13/2022 10:47,0:37
489,12/13/2022 12:46,12/13/2022 12:58,0:12
490,12/13/2022 15:01,12/13/2022 16:11,1:10
491,12/13/2022 17:38,12/13/2022 18:53,1:15
492,12/14/2022 8:09,12/14/2022 10:21,2:12
493,12/14/2022 11:21,12/14/2022 12:53,1:32
494,12/15/2022 6:47,12/15/2022 9:33,2:46
495,12/15/2022 10:11,12/15/2022 10:55,0:44
496,12/15/2022 11:30,12/15/2022 11:44,0:14
497,12/15/2022 15:01,12/15/2022 15:33,0:32
498,12/15/2022 15:34,12/15/2022 16:31,0:57
499,12/15/2022 18:30,12/15/2022 20:30,2:00
500,12/16/2022 6:00,12/16/2022 9:40,3:40
501,12/17/2022 8:45,12/17/2022 10:20,1:35
502,12/17/2022 10:48,12/17/2022 11:40,0:52
503,12/17/2022 14:13,12/17/2022 16:13,2:00
504,12/18/2022 7:35,12/18/2022 9:06,1:31
505,12/18/2022 10:43,12/18/2022 10:49,0:06
506,12/18/2022 10:57,12/18/2022 11:45,0:48
507,12/19/2022 8:53,12/19/2022 9:37,0:44
508,12/19/2022 10:11,12/19/2022 11:25,1:14
509,12/19/2022 13:24,12/19/2022 13:46,0:22
510,12/20/2022 8:03,12/20/2022 8:27,0:24
511,12/20/2022 8:48,12/20/2022 9:52,1:04
512,12/20/2022 14:07,12/20/2022 15:32,1:25
513,12/21/2022 10:47,12/21/2022 11:44,0:57
514,12/22/2022 10:12,12/22/2022 10:38,0:26
515,12/22/2022 10:52,12/22/2022 14:56,4:04
516,12/24/2022 13:07,12/24/2022 13:33,0:26
517,12/28/2022 6:34,12/28/2022 9:01,2:27
518,12/29/2022 7:48,12/29/2022 9:39,1:51
519,12/29/2022 13:14,12/29/2022 15:09,1:55
520,1/1/2023 10:35,1/1/2023 11:04,0:29
521,1/1/2023 15:43,1/1/2023 16:21,0:38
522,1/1/2023 18:08,1/1/2023 18:59,0:51
523,1/2/2023 6:55,1/2/2023 8:12,1:17
524,1/2/2023 8:36,1/2/2023 9:18,0:42
525,1/2/2023 9:42,1/2/2023 10:08,0:26
526,1/3/2023 10:14,1/3/2023 10:45,0:31
527,1/3/2023 15:49,1/3/2023 16:01,0:12
528,1/4/2023 8:12,1/4/2023 13:06,4:54
529,1/4/2023 15:11,1/4/2023 15:59,0:48
530,1/5/2023 7:10,1/5/2023 8:46,1:36
531,1/5/2023 12:17,1/5/2023 12:53,0:36
532,1/6/2023 16:13,1/6/2023 19:33,3:20
533,1/7/2023 14:03,1/7/2023 16:22,2:19
534,1/8/2023 7:52,1/8/2023 8:46,0:54
535,1/8/2023 9:53,1/8/2023 11:36,1:43
536,1/8/2023 19:40,1/8/2023 20:18,0:38
537,1/9/2023 10:19,1/9/2023 11:14,0:55
538,1/9/2023 11:28,1/9/2023 12:35,1:07
539,1/9/2023 12:49,1/9/2023 12:52,0:03
540,1/9/2023 13:01,1/9/2023 14:09,1:08
541,1/9/2023 15:21,1/9/2023 15:41,0:20
542,1/10/2023 8:39,1/10/2023 8:48,0:09
543,1/10/2023 8:49,1/10/2023 9:43,0:54
544,1/10/2023 15:40,1/10/2023 16:42,1:02
545,1/10/2023 18:02,1/10/2023 19:21,1:19
546,1/11/2023 7:18,1/11/2023 9:51,2:33
547,1/11/2023 11:06,1/11/2023 11:53,0:47
548,1/11/2023 13:34,1/11/2023 14:13,0:39
549,1/11/2023 15:29,1/11/2023 15:41,0:12
550,1/12/2023 8:01,1/12/2023 9:06,1:05
551,1/12/2023 9:23,1/12/2023 9:59,0:36
552,1/12/2023 15:44,1/12/2023 16:19,0:35
553,1/12/2023 16:52,1/12/2023 17:19,0:27
554,1/12/2023 17:26,1/12/2023 17:57,0:31
555,1/12/2023 18:06,1/12/2023 18:41,0:35
556,1/12/2023 18:48,1/12/2023 19:21,0:33
557,1/12/2023 20:45,1/12/2023 22:08,1:23
558,1/13/2023 5:31,1/13/2023 7:43,2:12
559,1/13/2023 10:29,1/13/2023 10:44,0:15
560,1/14/2023 7:24,1/14/2023 8:19,0:55
561,1/14/2023 13:58,1/14/2023 14:08,0:10
562,1/14/2023 16:15,1/14/2023 16:28,0:13
563,1/14/2023 17:09,1/14/2023 19:21,2:12
564,1/15/2023 7:07,1/15/2023 9:11,2:04
565,1/16/2023 9:37,1/16/2023 11:50,2:13
566,1/16/2023 16:24,1/16/2023 16:55,0:31
567,1/16/2023 18:45,1/16/2023 20:00,1:15
568,1/17/2023 7:45,1/17/2023 8:18,0:33
569,1/17/2023 8:47,1/17/2023 9:38,0:51
570,1/17/2023 17:19,1/17/2023 18:15,0:56
571,1/18/2023 6:32,1/18/2023 9:54,3:22
572,1/18/2023 11:19,1/18/2023 12:54,1:35
573,1/18/2023 13:01,1/18/2023 13:20,0:19
574,1/19/2023 9:15,1/19/2023 11:17,2:02
575,1/19/2023 11:53,1/19/2023 12:16,0:23
576,1/19/2023 14:47,1/19/2023 15:28,0:41
577,1/19/2023 18:30,1/19/2023 19:45,1:15
578,1/20/2023 7:35,1/20/2023 9:00,1:25
579,1/20/2023 18:32,1/20/2023 19:38,1:06
580,1/21/2023 11:38,1/21/2023 11:44,0:06
581,1/21/2023 11:55,1/21/2023 13:31,1:36
582,1/21/2023 14:05,1/21/2023 16:09,2:04
583,1/22/2023 5:58,1/22/2023 7:04,1:06
584,1/22/2023 7:22,1/22/2023 13:15,5:53
585,1/23/2023 10:47,1/23/2023 11:58,1:11
586,1/23/2023 13:00,1/23/2023 13:24,0:24
587,1/23/2023 14:10,1/23/2023 14:36,0:26
588,1/23/2023 18:39,1/23/2023 20:32,1:53
589,1/24/2023 7:17,1/24/2023 8:40,1:23
590,1/26/2023 16:08,1/26/2023 19:42,3:34
591,1/26/2023 20:47,1/26/2023 21:12,0:25
592,1/27/2023 16:25,1/27/2023 20:23,3:58
593,1/28/2023 12:33,1/28/2023 18:18,5:45
594,1/29/2023 7:40,1/29/2023 10:06,2:26
595,1/29/2023 16:38,1/29/2023 19:20,2:42
596,1/30/2023 7:49,1/30/2023 11:26,3:37
597,1/30/2023 12:09,1/30/2023 15:01,2:52
598,1/30/2023 16:44,1/30/2023 19:24,2:40
599,1/31/2023 7:25,1/31/2023 13:06,5:41
600,1/31/2023 13:10,1/31/2023 13:49,0:39
601,2/1/2023 8:08,2/1/2023 8:19,0:11
602,2/1/2023 8:25,2/1/2023 12:45,4:20
603,2/1/2023 13:07,2/1/2023 14:46,1:39
604,2/1/2023 14:58,2/1/2023 15:24,0:26
605,2/2/2023 9:32,2/2/2023 9:54,0:22
606,2/2/2023 10:21,2/2/2023 11:02,0:41
607,2/2/2023 11:38,2/2/2023 11:45,0:07
608,2/2/2023 20:43,2/2/2023 22:01,1:18
609,2/3/2023 7:36,2/3/2023 9:20,1:44
610,2/3/2023 12:58,2/3/2023 13:41,0:43
611,2/3/2023 17:04,2/3/2023 18:32,1:28
612,2/3/2023 18:48,2/3/2023 20:39,1:51
613,2/4/2023 12:49,2/4/2023 13:47,0:58
614,2/4/2023 14:27,2/4/2023 16:33,2:06
615,2/5/2023 7:46,2/5/2023 11:41,3:55
616,2/5/2023 16:18,2/5/2023 18:20,2:02
617,2/6/2023 8:28,2/6/2023 14:12,5:44
618,2/6/2023 14:28,2/6/2023 14:42,0:14
619,2/6/2023 17:40,2/6/2023 19:32,1:52
620,2/7/2023 9:12,2/7/2023 10:00,0:48
621,2/8/2023 5:34,2/8/2023 12:15,6:41
622,2/8/2023 12:59,2/8/2023 14:01,1:02
623,2/8/2023 17:40,2/8/2023 18:25,0:45
624,2/9/2023 8:55,2/9/2023 11:45,2:50
625,2/9/2023 14:47,2/9/2023 15:56,1:09
626,2/10/2023 6:59,2/10/2023 9:25,2:26
627,2/10/2023 13:25,2/10/2023 15:37,2:12
628,2/10/2023 17:33,2/10/2023 22:33,5:00
629,2/11/2023 12:48,2/11/2023 14:48,2:00
630,2/12/2023 7:49,2/12/2023 11:30,3:41
631,2/13/2023 10:26,2/13/2023 12:34,2:08
632,2/13/2023 13:13,2/13/2023 13:51,0:38
633,2/14/2023 8:35,2/14/2023 10:29,1:54
634,2/15/2023 7:42,2/15/2023 11:00,3:18
635,2/15/2023 11:39,2/15/2023 12:40,1:01
636,2/15/2023 12:57,2/15/2023 14:43,1:46
637,2/16/2023 7:25,2/16/2023 10:08,2:43
638,2/17/2023 16:10,2/17/2023 16:12,0:02
639,2/17/2023 16:59,2/17/2023 18:14,1:15
640,2/18/2023 12:10,2/18/2023 16:10,4:00
641,2/19/2023 8:10,2/19/2023 10:36,2:26
642,2/19/2023 10:43,2/19/2023 11:24,0:41
643,2/20/2023 8:25,2/20/2023 10:18,1:53
644,2/20/2023 10:43,2/20/2023 11:54,1:11
645,2/20/2023 12:23,2/20/2023 14:10,1:47
646,2/20/2023 14:35,2/20/2023 14:47,0:12
647,2/20/2023 15:37,2/20/2023 16:09,0:32
648,2/20/2023 17:31,2/20/2023 19:27,1:56
649,2/21/2023 8:16,2/21/2023 9:37,1:21
650,2/21/2023 14:06,2/21/2023 16:07,2:01
651,2/21/2023 18:39,2/21/2023 19:24,0:45
652,2/22/2023 7:49,2/22/2023 8:01,0:12
653,2/22/2023 8:44,2/22/2023 10:23,1:39
654,2/23/2023 8:28,2/23/2023 13:48,5:20
655,2/23/2023 19:45,2/23/2023 21:11,1:26
656,2/24/2023 14:23,2/24/2023 14:50,0:27
657,2/26/2023 7:50,2/26/2023 9:42,1:52
658,2/26/2023 18:38,2/26/2023 20:00,1:22
659,2/27/2023 10:01,2/27/2023 14:29,4:28
660,2/28/2023 8:24,2/28/2023 10:14,1:50
661,2/28/2023 14:16,2/28/2023 15:32,1:16
662,2/28/2023 20:08,2/28/2023 22:08,2:00
663,3/1/2023 6:56,3/1/2023 9:00,2:04
664,3/1/2023 9:16,3/1/2023 10:46,1:30
665,3/1/2023 17:31,3/1/2023 18:30,0:59
666,3/2/2023 7:35,3/2/2023 9:54,2:19
667,3/2/2023 9:31,3/2/2023 10:34,1:03
668,3/2/2023 10:49,3/2/2023 10:51,0:02
669,3/2/2023 14:21,3/2/2023 17:06,2:45
670,3/3/2023 7:56,3/3/2023 8:38,0:42
671,3/4/2023 16:14,3/4/2023 18:04,1:50
672,3/4/2023 18:29,3/4/2023 19:49,1:20
673,3/5/2023 7:15,3/5/2023 9:45,2:30
674,3/6/2023 10:22,3/6/2023 12:33,2:11
675,3/6/2023 13:13,3/6/2023 14:10,0:57
676,3/6/2023 17:31,3/6/2023 18:06,0:35
677,3/7/2023 9:02,3/7/2023 9:51,0:49
678,3/7/2023 15:33,3/7/2023 15:52,0:19
679,3/10/2023 14:07,3/10/2023 16:28,2:21
680,3/10/2023 17:25,3/10/2023 18:40,1:15
681,3/11/2023 12:38,3/11/2023 13:45,1:07
682,3/11/2023 14:26,3/11/2023 17:47,3:21
683,3/11/2023 17:19,3/11/2023 17:38,0:19
684,3/11/2023 17:39,3/11/2023 17:50,0:11
685,3/11/2023 18:13,3/11/2023 19:03,0:50
686,3/13/2023 8:53,3/13/2023 10:21,1:28
687,3/13/2023 10:42,3/13/2023 12:15,1:33
688,3/13/2023 12:23,3/13/2023 12:42,0:19
689,3/13/2023 14:04,3/13/2023 14:20,0:16
690,3/13/2023 18:39,3/13/2023 19:34,0:55
691,3/14/2023 8:59,3/14/2023 10:08,1:09
692,3/14/2023 14:48,3/14/2023 16:43,1:55
693,3/15/2023 8:23,3/15/2023 9:59,1:36
694,3/15/2023 10:29,3/15/2023 10:37,0:08
695,3/15/2023 10:56,3/15/2023 12:41,1:45
696,3/15/2023 12:52,3/15/2023 13:54,1:02
697,3/15/2023 18:21,3/15/2023 19:44,1:23
698,3/16/2023 9:44,3/16/2023 10:14,0:30
699,3/16/2023 11:35,3/16/2023 12:26,0:51
700,3/17/2023 15:34,3/17/2023 18:44,3:10
701,3/19/2023 18:08,3/19/2023 19:26,1:18
702,3/20/2023 10:05,3/20/2023 12:43,2:38
703,3/22/2023 9:06,3/22/2023 10:00,0:54
704,3/22/2023 11:19,3/22/2023 13:05,1:46
705,3/22/2023 14:02,3/22/2023 14:16,0:14
706,3/23/2023 6:39,3/23/2023 11:19,4:40
707,3/23/2023 16:14,3/23/2023 17:17,1:03
708,3/25/2023 11:12,3/25/2023 13:16,2:04
709,3/25/2023 14:54,3/25/2023 15:57,1:03
710,3/26/2023 6:46,3/26/2023 8:59,2:13
711,3/26/2023 17:37,3/26/2023 19:15,1:38
712,3/27/2023 10:01,3/27/2023 11:14,1:13
713,3/27/2023 12:21,3/27/2023 12:55,0:34
714,3/27/2023 17:15,3/27/2023 20:03,2:48
715,3/28/2023 17:42,3/28/2023 18:31,0:49
716,3/29/2023 8:40,3/29/2023 11:34,2:54
717,3/29/2023 12:46,3/29/2023 15:02,2:16
718,3/30/2023 8:24,3/30/2023 10:59,2:35
719,3/30/2023 12:42,3/30/2023 14:08,1:26
720,3/30/2023 15:55,3/30/2023 17:36,1:41
721,3/31/2023 7:29,3/31/2023 9:37,2:08
722,3/31/2023 14:09,3/31/2023 14:56,0:47
723,4/1/2023 15:01,4/1/2023 19:03,4:02
724,4/1/2023 19:28,4/1/2023 21:31,2:03
725,4/2/2023 8:10,4/2/2023 8:53,0:43
726,4/2/2023 10:35,4/2/2023 11:58,1:23
727,4/2/2023 12:04,4/2/2023 14:04,2:00
728,4/2/2023 17:54,4/2/2023 19:28,1:34
729,4/3/2023 9:43,4/3/2023 11:58,2:15
730,4/3/2023 14:17,4/3/2023 15:22,1:05
731,4/4/2023 9:15,4/4/2023 10:04,0:49
732,4/4/2023 15:12,4/4/2023 19:05,3:53
733,4/5/2023 10:37,4/5/2023 14:44,4:07
734,4/5/2023 17:33,4/5/2023 18:34,1:01
735,4/5/2023 18:51,4/5/2023 19:41,0:50
736,4/6/2023 7:31,4/6/2023 11:54,4:23
737,4/6/2023 14:49,4/6/2023 17:33,2:44
738,4/7/2023 14:27,4/7/2023 17:41,3:14
739,4/7/2023 18:00,4/7/2023 19:58,1:58
740,4/7/2023 21:09,4/7/2023 22:41,1:32
741,4/8/2023 20:55,4/8/2023 23:01,2:06
742,4/9/2023 8:39,4/9/2023 9:08,0:29
743,4/9/2023 10:13,4/9/2023 12:14,2:01
744,4/10/2023 10:34,4/10/2023 12:44,2:10
745,4/10/2023 13:39,4/10/2023 14:45,1:06
746,4/10/2023 18:30,4/10/2023 22:30,4:00
747,4/11/2023 8:04,4/11/2023 9:52,1:48
748,4/11/2023 15:06,4/11/2023 16:06,1:00
749,4/11/2023 17:46,4/11/2023 19:50,2:04
750,4/12/2023 6:45,4/12/2023 9:52,3:07
751,4/12/2023 10:37,4/12/2023 11:30,0:53
752,4/12/2023 19:48,4/12/2023 22:00,2:12
753,4/13/2023 14:44,4/13/2023 16:31,1:47
754,4/13/2023 17:00,4/13/2023 17:52,0:52
755,4/16/2023 16:20,4/16/2023 16:50,0:30
756,4/16/2023 18:07,4/16/2023 18:29,0:22
757,4/17/2023 10:42,4/17/2023 10:43,0:01
758,4/17/2023 10:55,4/17/2023 11:30,0:35
759,4/17/2023 12:20,4/17/2023 12:27,0:07
760,4/17/2023 12:30,4/17/2023 12:32,0:02
761,4/17/2023 12:43,4/17/2023 14:01,1:18
762,4/17/2023 18:31,4/17/2023 20:00,1:29
763,4/18/2023 8:38,4/18/2023 10:47,2:09
764,4/18/2023 15:25,4/18/2023 16:50,1:25
765,4/18/2023 20:00,4/18/2023 20:24,0:24
766,4/19/2023 14:34,4/19/2023 19:34,5:00
767,4/19/2023 19:34,4/19/2023 19:34,0:00
768,4/20/2023 7:31,4/20/2023 10:51,3:20
769,4/23/2023 12:12,4/23/2023 13:30,1:18
770,4/23/2023 14:00,4/23/2023 14:16,0:16
771,4/23/2023 14:20,4/23/2023 14:42,0:22
772,4/24/2023 8:07,4/24/2023 10:00,1:53
773,4/24/2023 10:00,4/24/2023 10:56,0:56
774,4/24/2023 13:24,4/24/2023 13:40,0:16
775,4/25/2023 8:01,4/25/2023 9:50,1:49
776,4/26/2023 7:59,4/26/2023 9:04,1:05
777,4/26/2023 9:43,4/26/2023 10:33,0:50
778,4/27/2023 9:46,4/27/2023 11:39,1:53
779,4/27/2023 13:57,4/27/2023 14:33,0:36
780,4/27/2023 15:12,4/27/2023 15:34,0:22
781,4/27/2023 18:46,4/27/2023 18:48,0:02
782,4/28/2023 12:46,4/28/2023 13:26,0:40
783,5/4/2023 14:25,5/4/2023 15:43,1:18
784,5/4/2023 16:06,5/4/2023 18:47,2:41
785,5/5/2023 5:11,5/5/2023 10:51,5:40
786,5/5/2023 14:32,5/5/2023 17:45,3:13
787,5/6/2023 11:38,5/6/2023 17:08,5:30
788,5/7/2023 6:41,5/7/2023 7:18,0:37
789,5/7/2023 8:10,5/7/2023 9:43,1:33
790,5/7/2023 10:40,5/7/2023 13:28,2:48
791,5/8/2023 11:20,5/8/2023 12:07,0:47
792,5/8/2023 15:13,5/8/2023 16:14,1:01
793,5/9/2023 9:07,5/9/2023 12:20,3:13
794,5/10/2023 6:39,5/10/2023 9:20,2:41
795,5/10/2023 13:12,5/10/2023 15:06,1:54
796,5/10/2023 18:46,5/10/2023 21:05,2:19
797,5/11/2023 7:35,5/11/2023 7:44,0:09
798,5/11/2023 8:08,5/11/2023 8:11,0:03
799,5/11/2023 8:13,5/11/2023 8:32,0:19
800,5/11/2023 9:00,5/11/2023 9:59,0:59
801,5/11/2023 10:50,5/11/2023 11:58,1:08
802,5/11/2023 15:33,5/11/2023 18:01,2:28
803,5/12/2023 14:12,5/12/2023 15:10,0:58
804,5/13/2023 7:40,5/13/2023 9:08,1:28
805,5/14/2023 15:06,5/14/2023 19:02,3:56
806,5/15/2023 10:36,5/15/2023 14:11,3:35
807,5/15/2023 14:38,5/15/2023 15:11,0:33
808,5/15/2023 18:30,5/15/2023 19:18,0:48
809,5/16/2023 8:16,5/16/2023 9:38,1:22
810,5/16/2023 15:04,5/16/2023 16:51,1:47
811,5/17/2023 7:09,5/17/2023 8:00,0:51
812,5/17/2023 9:38,5/17/2023 11:58,2:20
813,5/17/2023 13:58,5/17/2023 14:43,0:45
814,5/18/2023 9:16,5/18/2023 10:23,1:07
815,5/18/2023 15:04,5/18/2023 19:24,4:20
816,5/18/2023 19:24,5/18/2023 19:33,0:09
817,5/19/2023 7:28,5/19/2023 9:11,1:43
818,5/19/2023 14:26,5/19/2023 18:36,4:10
819,5/19/2023 19:19,5/19/2023 21:24,2:05
820,5/20/2023 4:44,5/20/2023 5:04,0:20
821,5/20/2023 5:13,5/20/2023 5:22,0:09
822,5/20/2023 7:30,5/20/2023 9:49,2:19
823,5/20/2023 12:28,5/20/2023 13:07,0:39
824,5/20/2023 13:38,5/20/2023 14:36,0:58
825,5/20/2023 16:30,5/20/2023 17:44,1:14
826,5/21/2023 14:26,5/21/2023 18:03,3:37
827,5/21/2023 18:38,5/21/2023 23:08,4:30
828,5/22/2023 5:55,5/22/2023 7:21,1:26
829,5/22/2023 9:36,5/22/2023 13:07,3:31
830,5/22/2023 14:58,5/22/2023 16:02,1:04
831,5/23/2023 6:45,5/23/2023 10:00,3:15
832,5/23/2023 13:40,5/23/2023 15:37,1:57
833,5/23/2023 17:54,5/23/2023 20:51,2:57
834,5/24/2023 7:38,5/24/2023 13:38,6:00
835,5/24/2023 14:16,5/24/2023 16:00,1:44
836,5/24/2023 18:31,5/24/2023 21:16,2:45
837,5/25/2023 8:54,5/25/2023 12:30,3:36
838,5/25/2023 15:15,5/25/2023 18:43,3:28
839,5/25/2023 20:13,5/25/2023 22:25,2:12
840,5/26/2023 6:30,5/26/2023 11:57,5:27
841,5/26/2023 12:10,5/26/2023 13:52,1:42
842,5/26/2023 15:10,5/26/2023 17:14,2:04
843,5/27/2023 6:30,5/27/2023 7:01,0:31
844,5/27/2023 7:59,5/27/2023 11:12,3:13
845,5/27/2023 15:54,5/27/2023 19:27,3:33
846,5/27/2023 20:13,5/28/2023 0:14,4:01
847,5/28/2023 7:52,5/28/2023 9:10,1:18
848,5/28/2023 10:12,5/28/2023 11:03,0:51
849,5/28/2023 12:51,5/28/2023 13:12,0:21
850,5/28/2023 13:40,5/28/2023 13:47,0:07
851,5/28/2023 16:22,5/28/2023 19:52,3:30
852,5/29/2023 8:11,5/29/2023 11:22,3:11
853,5/29/2023 15:12,5/29/2023 18:55,3:43
854,5/30/2023 6:58,5/30/2023 9:25,2:27
855,5/30/2023 9:47,5/30/2023 10:10,0:23
856,5/30/2023 10:33,5/30/2023 10:48,0:15
857,5/30/2023 15:59,5/30/2023 17:37,1:38
858,5/30/2023 18:58,5/30/2023 19:34,0:36
859,5/31/2023 6:47,5/31/2023 13:17,6:30
860,5/31/2023 13:22,5/31/2023 15:36,2:14
861,5/31/2023 16:26,5/31/2023 18:25,1:59
862,6/1/2023 8:27,6/1/2023 12:22,3:55
863,6/1/2023 14:50,6/1/2023 18:41,3:51
864,6/2/2023 6:37,6/2/2023 9:09,2:32
865,6/2/2023 9:26,6/2/2023 10:06,0:40
866,6/2/2023 12:23,6/2/2023 15:12,2:49
867,6/3/2023 6:42,6/3/2023 18:55,12:13
868,6/3/2023 20:17,6/3/2023 23:19,3:02
869,6/4/2023 6:59,6/4/2023 11:17,4:18
870,6/4/2023 14:29,6/4/2023 19:33,5:04
871,6/5/2023 7:17,6/5/2023 11:45,4:28
872,6/5/2023 12:47,6/5/2023 16:10,3:23
873,6/5/2023 17:01,6/5/2023 20:11,3:10
874,6/5/2023 20:35,6/5/2023 23:31,2:56
875,6/6/2023 7:03,6/6/2023 11:18,4:15
876,6/6/2023 11:22,6/6/2023 15:09,3:47
877,6/7/2023 6:29,6/7/2023 9:12,2:43
878,6/7/2023 12:58,6/7/2023 21:43,8:45
879,6/8/2023 4:36,6/8/2023 4:58,0:22
880,6/8/2023 4:57,6/8/2023 4:57,0:00
881,6/8/2023 7:20,6/8/2023 12:41,5:21
882,6/8/2023 14:41,6/8/2023 19:45,5:04
883,6/9/2023 6:40,6/9/2023 14:11,7:31
884,6/9/2023 16:46,6/9/2023 17:29,0:43
885,6/10/2023 4:28,6/10/2023 5:53,1:25
886,6/10/2023 5:58,6/10/2023 6:58,1:00
887,6/10/2023 9:27,6/10/2023 22:29,13:02
888,6/11/2023 5:43,6/11/2023 7:05,1:22
889,6/11/2023 10:54,6/11/2023 11:53,0:59
890,6/11/2023 11:11,6/11/2023 13:11,2:00
891,6/11/2023 17:14,6/11/2023 18:37,1:23
892,6/11/2023 18:49,6/11/2023 19:58,1:09
893,6/11/2023 18:52,6/11/2023 18:52,0:00
894,6/12/2023 5:06,6/12/2023 7:11,2:05
895,6/12/2023 7:18,6/12/2023 8:06,0:48
896,6/12/2023 9:21,6/12/2023 13:44,4:23
897,6/12/2023 15:55,6/12/2023 17:30,1:35
898,6/13/2023 6:26,6/13/2023 11:58,5:32
899,6/13/2023 12:06,6/13/2023 12:37,0:31
900,6/13/2023 12:36,6/13/2023 12:37,0:01
901,6/13/2023 15:44,6/13/2023 16:41,0:57
902,6/13/2023 18:46,6/13/2023 20:00,1:14
903,6/13/2023 20:51,6/13/2023 23:00,2:09
904,6/14/2023 7:25,6/14/2023 10:20,2:55
905,6/14/2023 10:22,6/14/2023 13:00,2:38
906,6/14/2023 16:40,6/14/2023 20:15,3:35
907,6/15/2023 6:38,6/15/2023 9:44,3:06
908,6/15/2023 14:18,6/15/2023 15:02,0:44
909,6/15/2023 18:26,6/15/2023 19:28,1:02
910,6/16/2023 17:36,6/16/2023 18:51,1:15
911,6/17/2023 15:47,6/18/2023 0:09,8:22
912,6/18/2023 9:38,6/18/2023 11:19,1:41
913,6/18/2023 12:37,6/18/2023 18:55,6:18
914,6/19/2023 9:00,6/19/2023 16:27,7:27
915,6/20/2023 7:53,6/20/2023 16:44,8:51
916,6/21/2023 7:26,6/21/2023 16:00,8:34
917,6/22/2023 8:08,6/22/2023 20:29,12:21
918,6/23/2023 5:33,6/23/2023 10:37,5:04
919,6/23/2023 11:17,6/23/2023 13:18,2:01
920,6/23/2023 15:42,6/23/2023 17:12,1:30
921,6/24/2023 11:15,6/24/2023 13:21,2:06
922,6/24/2023 15:00,6/24/2023 19:30,4:30
923,6/24/2023 19:52,6/24/2023 20:36,0:44
924,6/25/2023 6:00,6/25/2023 9:27,3:27
925,6/25/2023 10:03,6/25/2023 10:49,0:46
926,6/25/2023 12:59,6/25/2023 13:24,0:25
927,6/25/2023 15:58,6/25/2023 20:58,5:00
928,6/26/2023 5:12,6/26/2023 6:20,1:08
929,6/26/2023 7:02,6/26/2023 14:10,7:08
930,6/26/2023 16:07,6/26/2023 18:25,2:18
931,6/27/2023 7:42,6/27/2023 13:05,5:23
932,6/27/2023 15:05,6/27/2023 18:28,3:23
933,6/28/2023 7:00,6/28/2023 13:02,6:02
934,6/28/2023 15:31,6/28/2023 20:22,4:51
935,6/29/2023 7:32,6/29/2023 14:07,6:35
936,6/29/2023 15:15,6/29/2023 21:00,5:45
937,6/30/2023 7:15,6/30/2023 15:02,7:47
938,7/1/2023 11:44,7/1/2023 13:45,2:01
939,7/1/2023 13:45,7/1/2023 16:05,2:20
940,7/1/2023 16:18,7/1/2023 16:59,0:41
941,7/2/2023 7:11,7/2/2023 12:19,5:08
942,7/2/2023 16:17,7/2/2023 20:43,4:26
943,7/3/2023 7:15,7/3/2023 14:56,7:41
944,7/3/2023 15:38,7/3/2023 17:34,1:56
